Charming	2017
Cinderella III: A Twist in Time	2007
The Magic Shoes	1935
The Magic Shoes	1935
Ella Cinders	1926
Ever After	1998
Into the Woods	2014
A Coach for Cinderella	1936
A Ride for Cinderella	1937
Ella Enchanted	2004
Ella Enchanted	2004
Rags	2012
The Glass Slipper	1955
The Glass Slipper	1955
Princess Cinderella	0
Another Cinderella Story	2008
Cinderella	2000
Cinderella '80	1984
Cinderella	1899
Cinderella	1914
Cinderella	1947
Cinderella	1977
Cinderella	1979
Cinderella	1994
Cinderella	2015
Cinderella	2015
Cinderfella	1960
Cinderfella	1960
Falling for Grace	2006
Year of the Fish	2007
A Cinderella Story: If the Shoe Fits	2016
A Cinderella Story: Once Upon a Song	2011
Tři oříšky pro Popelku	1974
Tři oříšky pro Popelku	1973
Tři oříšky pro Popelku	1974
The Slipper and the Rose	1976
The Slipper and the Rose	1976
The Slipper and the Rose	1976
Elle: A Modern Cinderella Tale	2010
The Tender Tale of Cinderella Penguin	1981
The Lost Shoe	1923
Cinderella	1955
A Cinderella Story	0
A Cinderella Story	0
Cinderella	1950
The 10th Kingdom	2000
The Magic Riddle	1991
Puteri Impian	1997
Cinderella or the Glass Slipper	0
First Love	1939
Cendrillon au Far West	2012
More Than a Miracle	1967
Cindy	0
Cinderella II: Dreams Come True	2002
Happily N'Ever After	2006
CinderElmo	0
