id,splitted_phrase
e82bae79-8891-4244-9745-bcb07935845c,"[""wrote posts mentioning Stacy Vaughn"", ""liked any post 9 times"", ""clicked on ad with 'blackout' in it""]"
e82bae79-8891-4244-9745-bcb07935845c,"[""wrote at least one post with mention of Stacy Vaughn"", ""liked any post 9 or more times"", ""clickd on ad with text 'blackout' in it""]"
e82bae79-8891-4244-9745-bcb07935845c,"[""wrote a post about Stacy Vaughn"", ""at least nine likes"", ""clickd on add that contained 'blackout'""]"
e82bae79-8891-4244-9745-bcb07935845c,"[""clicked on ad about blackout"", ""also liked post 9 times"", ""wrote post with Stacy Vaughn's mention""]"
e82bae79-8891-4244-9745-bcb07935845c,"[""wrote Stacy Vaughn's post"", ""liked it 9 times"", ""clicked on ad that contains 'blackout'""]"
e82bae79-8891-4244-9745-bcb07935845c,"[""rated page at least 4 times"", ""answered 'Yes' in a poll"", ""downloaded 'exhibitor' type page file""]"
e82bae79-8891-4244-9745-bcb07935845c,"[""rated any page four times"", ""participated in poll and answered yes to any question"", ""downloaded a file from page with 'exhibitor' type""]"
e82bae79-8891-4244-9745-bcb07935845c,"[""rated page 4 time"", ""answered yes in poll"", ""downloaded a file from exhibitor page""]"
e82bae79-8891-4244-9745-bcb07935845c,"[""rated page 4 or more times"", ""in poll answered yes"", ""got file from 'exhibitor' type page""]"
e82bae79-8891-4244-9745-bcb07935845c,"[""rated page four times"", ""participated in poll and answered yes"", ""downloaded any file from exhibitor page""]"
e82bae79-8891-4244-9745-bcb07935845c,"[""'captive' in bio"", ""n't enjoy event"", ""downloaed a file from exhibitor page""]"
e82bae79-8891-4244-9745-bcb07935845c,"[""'captive' in bio"", ""n't enjoy the event"", ""downloaded a file from exhibitor page""]"
e82bae79-8891-4244-9745-bcb07935845c,"[""name Marjorie"", ""replied to negative post"", ""downloaded a file from page with 'exhibitor' type""]"
e82bae79-8891-4244-9745-bcb07935845c,"[""Marjories"", ""replied to negative post"", ""downloaded exhibitor file""]"
e82bae79-8891-4244-9745-bcb07935845c,"[""first name Marjorie"", ""replied to post with negative sentiment"", ""downloaded a file from page with 'exhibitor' type""]"
e82bae79-8891-4244-9745-bcb07935845c,"[""named Marjorie"", ""replied to post with negative sentiment"", ""downloaded a file from page with 'exhibitor' type""]"
e82bae79-8891-4244-9745-bcb07935845c,"[""answered 'Yes' in a poll"", ""wrote positive post"", ""clicked ablitech ad""]"
e82bae79-8891-4244-9745-bcb07935845c,"[""participated in poll and answered yes"", ""wrote a post with positive sentiment"", ""clicked on ad from 'Ablitech Co'""]"
e82bae79-8891-4244-9745-bcb07935845c,"[""participated in poll and answered yes"", ""wrote a post with positive sentiment"", ""clicked on ad from 'Ablitech, Inc.'""]"
e82bae79-8891-4244-9745-bcb07935845c,"[""never participated in poll"", ""never answered yes"", ""bio has 'captive' in it""]"
e82bae79-8891-4244-9745-bcb07935845c,"[""participated in no poll"", ""never answered yes"", ""'captive' in bio""]"
e82bae79-8891-4244-9745-bcb07935845c,"[""rated speaker page"", ""replied to negative sentiment post"", ""liked Caleb Ramirez' post""]"
e82bae79-8891-4244-9745-bcb07935845c,"[""wrote at least 4 posts"", ""any positive post"", ""'captive' in their bio""]"
e82bae79-8891-4244-9745-bcb07935845c,"[""replied to post with 'captive' in it"", ""phone 4478650513"", ""downloaded 'workshop.doc' file""]"
e82bae79-8891-4244-9745-bcb07935845c,"[""replied to post with 'captive' in it"", ""phone 4478650513"", ""downloaded workshop document""]"
e82bae79-8891-4244-9745-bcb07935845c,"[""viewed page  5 times"", ""never participated in polls"", ""liked post by Caleb Ramirez""]"
0bb4c343-8c07-42aa-bb34-fcd9a1989d41,"[""White as a last name"", ""liked posts by Shawna Potter"", ""downloaded a file from page with 'sponsor' type""]"
0bb4c343-8c07-42aa-bb34-fcd9a1989d41,"[""last name White"", ""liked at least one post by Shawna Potter"", ""downloaded file from 'sponsor' type page""]"
1c17a974-92f1-44a5-9e05-ce75db85d775,"[""rated page containing 'abomination'"", ""phone (895) 592-8974"", ""not enjoyed the event""]"
1c17a974-92f1-44a5-9e05-ce75db85d775,"[""rated page with 'abomination' in text"", ""phone (895) 592-8974"", ""not enjoyed the event""]"
1c17a974-92f1-44a5-9e05-ce75db85d775,"[""rated page containing 'abomination'"", ""phone (895) 592-8974"", ""n't impressed by the event""]"
1c17a974-92f1-44a5-9e05-ce75db85d775,"[""rated page with 'abomination' in text"", ""phone (895) 592-8974"", ""n't impressed by the event""]"
1c17a974-92f1-44a5-9e05-ce75db85d775,"[""rated page containing 'abomination'"", ""clicked on any ad 6 times"", ""liked post written by Dolores Cummings""]"
1c17a974-92f1-44a5-9e05-ce75db85d775,"[""rated page with word 'abomination' in text"", ""clicked on any ad 6 times"", ""liked Dolores Cummings' post""]"
1c17a974-92f1-44a5-9e05-ce75db85d775,"[""rated page with word 'abomination' in text"", ""clicked on any ad 6 times"", ""liked Dolores Cummings' post""]"
1c17a974-92f1-44a5-9e05-ce75db85d775,"[""replied to Hoe Griffith's post"", ""liked post containing word 'coastal'"", ""left a note on page 9 times""]"
1c17a974-92f1-44a5-9e05-ce75db85d775,"[""replied to Hoe Griffith's post"", ""liked post containing word 'coastal'"", ""left a note on page 9 times""]"
1c17a974-92f1-44a5-9e05-ce75db85d775,"[""replied to post written by Hoe Griffith's"", ""liked post with word 'coastal'"", ""9 times left a note on a page""]"
1c17a974-92f1-44a5-9e05-ce75db85d775,"[""liked post with word 'coastal'"", ""replied to post written by Hoe Griffith's"", ""9 times left a note on a page""]"
1c17a974-92f1-44a5-9e05-ce75db85d775,"[""liked post with word 'coastal'"", ""replied to post written by Hoe Griffith's"", ""left 9 notes on a page""]"
1c17a974-92f1-44a5-9e05-ce75db85d775,"[""viewed a page with word 'adsorbable'"", ""downloaded 5 files"", ""n't enjoy the event""]"
47f882a6-7098-4f35-ba9a-543bf1658bef,"[""a linkedin account"", ""clicked on an ad with the word 'big'"", "" commented with a word 'convulsion'""]"
47f882a6-7098-4f35-ba9a-543bf1658bef,"[""a linkedin connection"", ""clicked an ad containing 'big'"", "" left a note with 'convulsion'""]"
47f882a6-7098-4f35-ba9a-543bf1658bef,"[""clicked an ad with a word 'big'"", ""are connected with linkedin"", ""left commented about 'convulsion'""]"
89fe7888-256c-4892-a213-457e66729b10,"[""\""big\"" in their bio"", ""liked post about biplane"", ""replied to post by Sherman Cooper""]"
89fe7888-256c-4892-a213-457e66729b10,"[""\""big\"" in bio"", ""likes biplanes"", ""replied to Sherman Cooper""]"
89fe7888-256c-4892-a213-457e66729b10,"[""\""big\"" in description"", ""replied to Sherman Cooper"", ""liked some post on biplanes""]"
89fe7888-256c-4892-a213-457e66729b10,"[""replied to Sherman Cooper"", ""like posts with \""biplane\"" in it""]"
89fe7888-256c-4892-a213-457e66729b10,"[""\""big\"" in bio"", ""liked post on biplane"", ""replied to Cooper""]"
7ed51af2-135b-476a-98c5-3e8da03c9e2e,"[""liked the post 9 times"", ""'captive' in bio"", ""Chante as first name""]"
7ed51af2-135b-476a-98c5-3e8da03c9e2e,"[""the name Chante"", ""liked the post 9 times"", ""'captive' in their bio""]"
7ed51af2-135b-476a-98c5-3e8da03c9e2e,"[""liked the post 9 time"", ""first name Chante"", ""'captive' in bio""]"
7ed51af2-135b-476a-98c5-3e8da03c9e2e,"[""named Chante"", ""the word 'captive' in bio"", ""liked the post nine times""]"
7ed51af2-135b-476a-98c5-3e8da03c9e2e,"[""'Chante' as first name"", ""'captive' in bio"", ""liked post 9 times""]"
7ed51af2-135b-476a-98c5-3e8da03c9e2e,"[""'captive' in the bio"", ""first name 'Chante'"", ""liked post 9 times""]"
7ed51af2-135b-476a-98c5-3e8da03c9e2e,"[""replied to post about blackout"", ""rated page 3 times"", ""wrote a post that contains 'big'?""]"
7ed51af2-135b-476a-98c5-3e8da03c9e2e,"[""wrote the post about 'big'"", ""rated page 3 times"", ""replied to the post that contains word 'blackout'?""]"
7ed51af2-135b-476a-98c5-3e8da03c9e2e,"[""mentioned 'big'"", ""replied on post containing 'blackout'"", ""rated the page 3 times?""]"
7ed51af2-135b-476a-98c5-3e8da03c9e2e,"[""replied to the post that contains word 'blackout\"""", ""rated page 3 times"", ""wrote a post containing 'big'\n""]"
7ed51af2-135b-476a-98c5-3e8da03c9e2e,"[""replied to post with 'blackout' in it"", ""rated the page three times"", ""wrote post that contains 'big'""]"
c255bb86-9172-4cc9-84a2-7e710e94106e,"[""wrote a note on page with word 'easy'"", ""liked a positive post 3 times""]"
c255bb86-9172-4cc9-84a2-7e710e94106e,"[""left a note on page containing 'easy'"", ""made 3 likes on positive posts""]"
c255bb86-9172-4cc9-84a2-7e710e94106e,"[""created a post with word 'easy' in text"", ""liked 3 positive posts""]"
c255bb86-9172-4cc9-84a2-7e710e94106e,"[""created a post on page containing 'easy'"", ""liked 3 positive posts""]"
c255bb86-9172-4cc9-84a2-7e710e94106e,"[""replied to Andy Chandler's post"", ""bio contains 'beyond'"", ""viewed 2 pages""]"
c255bb86-9172-4cc9-84a2-7e710e94106e,"[""replied to post written by Andy Chandler"", ""bio contains 'beyond'"", ""viewed 2 pages""]"
c255bb86-9172-4cc9-84a2-7e710e94106e,"[""replied to post written by Andy Chandler"", ""bio contains 'beyond'"", ""viewed page 2 times""]"
c255bb86-9172-4cc9-84a2-7e710e94106e,"[""replied to post written by Andy Chandler"", ""bio containing word 'beyond'"", ""viewed page 2 times""]"
c255bb86-9172-4cc9-84a2-7e710e94106e,"[""replied to post written by Andy Chandler"", ""either Asylum or Immigration Officer position"", ""website named 'bandcamp.com'""]"
c255bb86-9172-4cc9-84a2-7e710e94106e,"[""make a reply to the post written by Andy Chandler"", ""either Asylum or Immigration Officer position"", ""website named 'bandcamp.com'""]"
c255bb86-9172-4cc9-84a2-7e710e94106e,"[""either Asylum or Immigration Officer position"", ""'bandcamp.com' website""]"
c255bb86-9172-4cc9-84a2-7e710e94106e,"[""either Asylum or Immigration Officer position"", ""'bandcamp.com' website""]"
ad086d89-92c8-439f-adf4-e3dc3a62b13c,"[""liked posts about 'escapist'"", ""first name = 'Lavern'"", ""rated pages with type 'session'""]"
ad086d89-92c8-439f-adf4-e3dc3a62b13c,"[""first name is 'Lavern'"", ""liked posts about 'escapist'"", ""rated 'session' pages""]"
ad086d89-92c8-439f-adf4-e3dc3a62b13c,"[""gave rating to 'session' pages"", ""first name was 'Lavern'"", ""liked all posts about 'escapist'""]"
ad086d89-92c8-439f-adf4-e3dc3a62b13c,"[""from 'Greece'"", ""website = 'free.fr'"", ""attended event 3 times""]"
ad086d89-92c8-439f-adf4-e3dc3a62b13c,"[""participated in event 3 times"", ""their website is 'free.fr'"", ""location is 'Greece'""]"
ad086d89-92c8-439f-adf4-e3dc3a62b13c,"[""attended event 3 times"", ""website set in their profile as 'free.fr'"", ""all of them from 'Greece'""]"
98be4665-b3db-4133-a8cf-299dfa8205ab,"[""clicked five times on the ad on exhibitor page"", ""no downloads""]"
98be4665-b3db-4133-a8cf-299dfa8205ab,"[""clicked five times on the ad on the exhibitor page"", ""zero downloads""]"
98be4665-b3db-4133-a8cf-299dfa8205ab,"[""users clicked 5 times ad exhibitor page"", ""0 downloads""]"
98be4665-b3db-4133-a8cf-299dfa8205ab,"[""bio having \""biplane\"""", ""attended once"", ""liked a positive post""]"
98be4665-b3db-4133-a8cf-299dfa8205ab,"[""'biplane' in bio"", ""attended before"", ""liked a positively colored sentiment""]"
98be4665-b3db-4133-a8cf-299dfa8205ab,"[""exactly one attend"", ""liked a post with a positive sentiment"", ""who's bio contains \""biplane\""""]"
98be4665-b3db-4133-a8cf-299dfa8205ab,"[""a \""biplane\"" in their profile description"", ""attended an event once"", ""liked a post that can be said to be a positive one""]"
98be4665-b3db-4133-a8cf-299dfa8205ab,"[""wrote a post with \""rare\"""", ""replied to Stacy Vaughn"", ""also has 769 9165972 as phone""]"
98be4665-b3db-4133-a8cf-299dfa8205ab,"[""post \""rare\"""", ""made reply to Stacy Vaughn"", ""7699165982 phone""]"
98be4665-b3db-4133-a8cf-299dfa8205ab,"[""reply to Stacy Vaughn"", ""phone number 7699165982"", ""post has \""rare\""""]"
98be4665-b3db-4133-a8cf-299dfa8205ab,"[""post containing \""rare\"" word"", ""a reply to a user named Stacy Vaughn"", ""a phone (769) 916-5982""]"
98be4665-b3db-4133-a8cf-299dfa8205ab,"[""the \""rare\"" word in their writings"", ""replied to Stacy Vaughn"", ""number is (769) 916-5982""]"
3733dc0c-6d13-4260-bd47-0826b656ba9c,"[""downloaded a file 5 times"", ""answered a poll 'no' three times""]"
3733dc0c-6d13-4260-bd47-0826b656ba9c,"[""answered three polls with 'no'"", ""downloaded a file five times""]"
3733dc0c-6d13-4260-bd47-0826b656ba9c,"[""answered 'no' for a poll"", ""answered at least three polls"", ""downloaded a file five times""]"
3733dc0c-6d13-4260-bd47-0826b656ba9c,"[""downloaded a file 5 times"", ""answered three polls"", ""at least one answer was 'no'""]"
3733dc0c-6d13-4260-bd47-0826b656ba9c,"[""located in North Korea"", ""rated a page that contains 'gargoyle' at least nine times""]"
3733dc0c-6d13-4260-bd47-0826b656ba9c,"[""liked a page nine time and the page contains 'gargoyle'"", ""the attendee is located in North Korea""]"
3733dc0c-6d13-4260-bd47-0826b656ba9c,"[""attended the event 'Deeply Seals'15'"", ""'ow.ly' website"", ""viewed a page two times""]"
3733dc0c-6d13-4260-bd47-0826b656ba9c,"["" 'ow.ly' as website"", ""viewed at least two pages"", ""attended the event 'Deeply Seals'15'""]"
a6568381-2d52-4699-877e-36f5a9956010,"[""answered No in poll"", ""liked post by Caleb Ramirez"", ""replied to post with 'biplane'""]"
a6568381-2d52-4699-877e-36f5a9956010,"[""voted No in any poll"", ""liked Caleb Ramirez's post"", ""replied to the post contains 'biplane'""]"
a6568381-2d52-4699-877e-36f5a9956010,"[""answered No in any poll"", ""liked Caleb Ramirez's content"", ""commented to the post about 'biplane'""]"
a6568381-2d52-4699-877e-36f5a9956010,"[""voted No"", ""liked post written by Caleb Ramirez"", ""commented with 'biplane' to the post ""]"
a6568381-2d52-4699-877e-36f5a9956010,"[""liked message by Caleb Ramirez"", ""voted No"", ""left a reply for the post about 'biplane'""]"
a6568381-2d52-4699-877e-36f5a9956010,"[""liked  Caleb Ramirez's message"", "" voted No"", ""left a comment for the post with 'biplane'""]"
a6568381-2d52-4699-877e-36f5a9956010,"[""attended Deaply Seals'15"", ""rated page with 0 stars"", ""liked post by Caleb Ramirez""]"
4a98f580-3e45-4f60-9128-8195f08bd995,"[""wrote a post mentioning Estelle Jimenez ""]"
4a98f580-3e45-4f60-9128-8195f08bd995,"[""work at Abbott Laboratories""]"
4a98f580-3e45-4f60-9128-8195f08bd995,"[""rated a page at least one time ""]"
4a98f580-3e45-4f60-9128-8195f08bd995,"[""viewed a page 5 times"", ""wrote a post that got 7 replies"", ""replied to a post with negative sentiment""]"
4a98f580-3e45-4f60-9128-8195f08bd995,"[""wrote a post with 7 comments""]"
4a98f580-3e45-4f60-9128-8195f08bd995,"[""commented negatively""]"
4a98f580-3e45-4f60-9128-8195f08bd995,"[""bad things to say in a comment ""]"
4a98f580-3e45-4f60-9128-8195f08bd995,"[""wrote post that got 7 comments ""]"
4a98f580-3e45-4f60-9128-8195f08bd995,"[""rgarcia@optonline.net""]"
4a98f580-3e45-4f60-9128-8195f08bd995,"[""deviantart.com as their website""]"
4a98f580-3e45-4f60-9128-8195f08bd995,"[""rated with 2 stars ""]"
4a98f580-3e45-4f60-9128-8195f08bd995,"[""rgarcia@optonline.net email""]"
4a98f580-3e45-4f60-9128-8195f08bd995,"[""clicked on the activision sponsored post""]"
4a98f580-3e45-4f60-9128-8195f08bd995,"[""converted on the activision sponsored post""]"
4a98f580-3e45-4f60-9128-8195f08bd995,"[""biologist""]"
4a98f580-3e45-4f60-9128-8195f08bd995,"[""deviantart.com as their website""]"
4a98f580-3e45-4f60-9128-8195f08bd995,"[""a post that was liked 7 times""]"
4a98f580-3e45-4f60-9128-8195f08bd995,"[""wrote posts that contain the keyword honey""]"
4a98f580-3e45-4f60-9128-8195f08bd995,"[""wrote about honey""]"
4a98f580-3e45-4f60-9128-8195f08bd995,"[""posted about honey""]"
4a98f580-3e45-4f60-9128-8195f08bd995,"[""works at abbott laboratories ""]"
4a98f580-3e45-4f60-9128-8195f08bd995,"[""downloaded a file 3 times""]"
4a98f580-3e45-4f60-9128-8195f08bd995,"[""downloaded something 3 times""]"
4a98f580-3e45-4f60-9128-8195f08bd995,"[""wrote a positive post""]"
4a98f580-3e45-4f60-9128-8195f08bd995,"[""wrote something positive""]"
4a98f580-3e45-4f60-9128-8195f08bd995,"[""clicked a sponsored post 7 times""]"
4a98f580-3e45-4f60-9128-8195f08bd995,"[""liked a post with the keyword big""]"
4a98f580-3e45-4f60-9128-8195f08bd995,"[""saw any page 5 times""]"
4a98f580-3e45-4f60-9128-8195f08bd995,"[""wrote something about honey""]"
4a98f580-3e45-4f60-9128-8195f08bd995,"[""posted about honey""]"
4a98f580-3e45-4f60-9128-8195f08bd995,"[""viewed a page with big in the content""]"
4a98f580-3e45-4f60-9128-8195f08bd995,"[""viewed a page with big""]"
4a98f580-3e45-4f60-9128-8195f08bd995,"[""wrote post that got 7 comments""]"
4a98f580-3e45-4f60-9128-8195f08bd995,"[""the phone number (747) 180-7744""]"
4a98f580-3e45-4f60-9128-8195f08bd995,"[""phone number is (747) 180-7744""]"
4a98f580-3e45-4f60-9128-8195f08bd995,"[""commented one of estelle jimenez's posts""]"
4a98f580-3e45-4f60-9128-8195f08bd995,"[""commented estelle jimenez's post""]"
4a98f580-3e45-4f60-9128-8195f08bd995,"[""replying to estelle jimeneze's post ""]"
4a98f580-3e45-4f60-9128-8195f08bd995,"[""viewed a page 5 times""]"
4a98f580-3e45-4f60-9128-8195f08bd995,"[""named vida""]"
4a98f580-3e45-4f60-9128-8195f08bd995,"[""name is vida""]"
4a98f580-3e45-4f60-9128-8195f08bd995,"[""named vida""]"
4a98f580-3e45-4f60-9128-8195f08bd995,"[""vida""]"
0ea9794f-5d2f-4772-b481-49d9c691cba2,"[""used the app 0 times"", ""downloaded 7 files"", ""Rodriguez as the last name""]"
0ea9794f-5d2f-4772-b481-49d9c691cba2,"[""Rodriguez for the last name"", ""n't use the app"", ""made 7 file downloads""]"
0ea9794f-5d2f-4772-b481-49d9c691cba2,"[""downloaded  7 files from the app"", ""surname is Rodriguez"", ""opened the app 0 times""]"
0ea9794f-5d2f-4772-b481-49d9c691cba2,"[""opened the app 0 times"", ""Rodriguez for the last name"", ""made 7 file downloads""]"
0ea9794f-5d2f-4772-b481-49d9c691cba2,"[""last name equals Rodriguez"", ""made 7 file downloads"", ""used the app 0 times""]"
0ea9794f-5d2f-4772-b481-49d9c691cba2,"[""answered 'No' to a poll"", ""created a post with negative sentiment"", ""liked a post with positive sentiment""]"
0ea9794f-5d2f-4772-b481-49d9c691cba2,"[""created a post with negative sentiment"", ""answered 'No' to a poll"", ""liked a post with positive sentiment""]"
0ea9794f-5d2f-4772-b481-49d9c691cba2,"[""liked a post with positive sentiment"", ""answered 'No' to a poll"", ""created a post with negative sentiment""]"
0ea9794f-5d2f-4772-b481-49d9c691cba2,"[""post has negative sentiment"", ""liked someone else's post with positive sentiment"", ""responded 'No' to a poll""]"
0ea9794f-5d2f-4772-b481-49d9c691cba2,"[""attendees posted at least one post with negative sentiment"", ""liked a post with positive sentiment"", ""responded 'No' to a poll""]"
0ea9794f-5d2f-4772-b481-49d9c691cba2,"[""participated in a poll with the question 'Do you sleep with your sheets tucked in?'"", ""rated a page 7 times"", ""clicked on an ad 1 time""]"
0ea9794f-5d2f-4772-b481-49d9c691cba2,"[""rated a page 7 times"", ""participated in a poll with the question 'Do you sleep with your sheets tucked in?'"", ""clicked on an ad 1 time""]"
0ea9794f-5d2f-4772-b481-49d9c691cba2,"[""clicked on an ad 1 time"", ""rated a page 7 times"", ""participated in a poll with the question 'Do you sleep with your sheets tucked in?'""]"
0ea9794f-5d2f-4772-b481-49d9c691cba2,"[""gave a rating to a page 7 times"", ""interacted with an ad 1 time"", ""voted on a poll with the question 'Do you sleep with your sheets tucked in?'""]"
0ea9794f-5d2f-4772-b481-49d9c691cba2,"[""answered 'Do you sleep with your sheets tucked in?' in a poll"", ""rated 7 pages"", ""clicked an ad 1 time""]"
0ea9794f-5d2f-4772-b481-49d9c691cba2,"[""Administrative Generalist/Specialist in the position field"", ""phone number equals (290) 448-8241"", ""liked a post that contains 'pragmatic'""]"
0ea9794f-5d2f-4772-b481-49d9c691cba2,"[""the phone number (290) 448-8241"", ""liked a post with the word 'pragmatic'"", ""Administrative Generalist/Specialist position""]"
0ea9794f-5d2f-4772-b481-49d9c691cba2,"[""liked a post containing 'pragmatic'"", ""holds the position of Administrative Generalist/Specialist"", ""phone number is (290) 448-8241""]"
0ea9794f-5d2f-4772-b481-49d9c691cba2,"[""profile details contain the phone number (290) 448-8241"", ""left at least one like on a post with the word 'pragmatic'"", ""Administrative Generalist/Specialist position""]"
0ea9794f-5d2f-4772-b481-49d9c691cba2,"[""Administrative Generalist/Specialists"", ""the phone number (290) 448-8241"", ""liked a post containing the word 'pragmatic'""]"
0ea9794f-5d2f-4772-b481-49d9c691cba2,"[""profile details contain Administrative Generalist/Specialist position for the position"", ""(290) 448-8241 for the phone number"", ""liked a post that contains 'pragmatic'""]"
0ea9794f-5d2f-4772-b481-49d9c691cba2,"[""first name is Nancie"", ""participated in 7 polls"", ""saved a note for a page that contains 'concussion'""]"
0ea9794f-5d2f-4772-b481-49d9c691cba2,"[""Nancie as the first name"", ""participated in a poll 7 times"", ""left a note on a page that contains 'concussion'""]"
0ea9794f-5d2f-4772-b481-49d9c691cba2,"[""saved a note on page containing the word 'concussion'"", ""voted on 7 polls"", ""Nancie as first name""]"
0ea9794f-5d2f-4772-b481-49d9c691cba2,"[""left a vote on 7 polls"", ""first name equals Nancie"", ""added a note to page with the word 'concussion'""]"
0ea9794f-5d2f-4772-b481-49d9c691cba2,"[""created a note to page containing 'concussion'"", ""took part in 7 polls"", ""first name is Nancie""]"
0ea9794f-5d2f-4772-b481-49d9c691cba2,"[""replied to a post by Kristin Hansen"", ""clicked on an ad 1 time"", ""Samoa as location""]"
0ea9794f-5d2f-4772-b481-49d9c691cba2,"[""Samoa as location"", ""replied to a post by Kristin Hansen"", ""clicked on an ad 1 time""]"
0ea9794f-5d2f-4772-b481-49d9c691cba2,"[""clicked on an ad 1 time"", ""Samoa as location"", ""replied to a post by Kristin Hansen""]"
0ea9794f-5d2f-4772-b481-49d9c691cba2,"[""left a comment on a post by Kristin Hansen"", ""clicked on 1 add"", ""Samoa in profile details ""]"
0ea9794f-5d2f-4772-b481-49d9c691cba2,"[""Samoa in profile details"", ""left a comment on a post by Kristin Hansen"", ""clicked on 1 add""]"
0ea9794f-5d2f-4772-b481-49d9c691cba2,"[""clicked on 1 add"", ""Samoa in profile details"", ""left a comment on a post by Kristin Hansen""]"
0ea9794f-5d2f-4772-b481-49d9c691cba2,"[""attendees from Samoa"", ""commented on  Kristin Hansen's post"", ""clicked on an ad 1 time""]"
0ea9794f-5d2f-4772-b481-49d9c691cba2,"[""clicked on an ad 1 time"", ""commented on Kristin Hansen's post"", ""from Samoa""]"
0ea9794f-5d2f-4772-b481-49d9c691cba2,"[""commented on Kristin Hansen's post"", ""clicked on an ad 1 time"", ""from Samoa""]"
0ea9794f-5d2f-4772-b481-49d9c691cba2,"[""viewed a page with 'speaker' type"", ""wrote a post with negative sentiment"", ""answered 'No' to a poll""]"
0ea9794f-5d2f-4772-b481-49d9c691cba2,"[""answered 'No' to a poll"", ""viewed a page with 'speaker' type"", ""wrote a post with negative sentiment""]"
0ea9794f-5d2f-4772-b481-49d9c691cba2,"[""wrote a post with negative sentiment"", ""answered 'No' to a poll"", ""viewed a page with 'speaker' type""]"
0ea9794f-5d2f-4772-b481-49d9c691cba2,"[""visited a page with type 'speaker'"", ""added a post with negative sentiment"", ""voted with 'No' in a poll""]"
0ea9794f-5d2f-4772-b481-49d9c691cba2,"[""answer to a poll equals 'No'"", ""visited a page with type 'speaker'"", ""added a post with negative sentiment""]"
0ea9794f-5d2f-4772-b481-49d9c691cba2,"[""created a post with negative sentiment"", ""answer to a poll equals 'No'"", ""visited a page with type 'speaker'""]"
0ea9794f-5d2f-4772-b481-49d9c691cba2,"[""phone number is (290) 448-8241"", ""viewed 4 pages"", ""attended 0 events""]"
0ea9794f-5d2f-4772-b481-49d9c691cba2,"[""attended 0 events"", ""phone number is (290) 448-8241"", ""viewed 4 pages""]"
0ea9794f-5d2f-4772-b481-49d9c691cba2,"[""viewed 4 pages"", ""attended 0 events"", ""phone number is (290) 448-8241""]"
0ea9794f-5d2f-4772-b481-49d9c691cba2,"[""profile phone contains (290) 448-8241"", ""visited 4 pages"", ""went to 0 events""]"
0ea9794f-5d2f-4772-b481-49d9c691cba2,"[""went to 0 events"", ""visited 4 pages"", ""profile phone contains (290) 448-8241""]"
0ea9794f-5d2f-4772-b481-49d9c691cba2,"[""viewed a page with 'biplane'"", ""left 3 notes"", ""downloaded 7 files""]"
0ea9794f-5d2f-4772-b481-49d9c691cba2,"[""downloaded 7 files"", ""viewed a page with 'biplane'"", ""left 3 notes""]"
0ea9794f-5d2f-4772-b481-49d9c691cba2,"[""left 3 notes"", ""downloaded 7 files"", ""viewed a page with 'biplane'""]"
0ea9794f-5d2f-4772-b481-49d9c691cba2,"[""visited a page that contains 'biplane'"", ""created 3 notes"", ""made 7 file downloads""]"
0ea9794f-5d2f-4772-b481-49d9c691cba2,"[""made 7 file downloads"", ""visited a page that contains 'biplane'"", ""created 3 notes""]"
0ea9794f-5d2f-4772-b481-49d9c691cba2,"[""created 3 notes"", ""made 7 file downloads"", ""visited a page that contains 'biplane'""]"
0ea9794f-5d2f-4772-b481-49d9c691cba2,"[""downloaded a file with name 'presentation.pptx'"", ""liked a post with positive sentiment"", ""connected facebook""]"
0ea9794f-5d2f-4772-b481-49d9c691cba2,"[""connected facebook"", ""downloaded a file with name 'presentation.pptx'"", ""liked a post with positive sentiment""]"
0ea9794f-5d2f-4772-b481-49d9c691cba2,"[""liked a post with positive sentiment"", ""connected facebook"", ""downloaded a file with name 'presentation.pptx'""]"
0ea9794f-5d2f-4772-b481-49d9c691cba2,"[""made a download of a file which contains 'presentation.pptx' in the name"", ""liked a post with positive sentiment"", ""linked facebook to their profile""]"
0ea9794f-5d2f-4772-b481-49d9c691cba2,"[""linked facebook to their profile"", ""made a download of a file which contains 'presentation.pptx' in the name"", ""liked a post with positive sentiment""]"
0ea9794f-5d2f-4772-b481-49d9c691cba2,"[""liked a post with positive sentiment"", ""linked facebook to their profile"", ""made a download of a file which contains 'presentation.pptx' in the name""]"
2dfad3f1-b93f-46aa-a2fa-20f390407243,"[""clicked on ad by 'AC Lens'"", ""answered 'Yes' in quick poll"", ""wrote post mentioning Dorothy Larson""]"
2dfad3f1-b93f-46aa-a2fa-20f390407243,"[""choose 'Yes' answer in poll"", ""mentioned Dorothy Larson in post"", ""clicked on 'AC Lens' ad""]"
2dfad3f1-b93f-46aa-a2fa-20f390407243,"[""posts about Dorothy Larson"", ""'Yes' answers in poll"", ""clicks on ads published by 'AC Lens'""]"
2dfad3f1-b93f-46aa-a2fa-20f390407243,"[""participated in quick poll answering 'Yes'"", ""clicked on ad by 'AC Lens'"", ""wrote post with Dorothy Larson's mention""]"
2dfad3f1-b93f-46aa-a2fa-20f390407243,"[""clicked on 'AC Lens' ad"", ""voted 'Yes' in poll"", ""posted about Dorothy Larson""]"
2dfad3f1-b93f-46aa-a2fa-20f390407243,"[""choose 'Yes' in poll"", ""wrote post with mention of Dorothy Larson"", ""clicked on ad created by 'AC Lens'""]"
2dfad3f1-b93f-46aa-a2fa-20f390407243,"[""viewed session pages"", ""answered 'Yes' in poll"", ""downloaded file 9 times""]"
2dfad3f1-b93f-46aa-a2fa-20f390407243,"[""downloaded a file 9 times"", ""choose 'Yes' option in quick poll"", ""viewed page with 'session' type""]"
2dfad3f1-b93f-46aa-a2fa-20f390407243,"[""choose 'Yes' answer in poll"", ""clicked on file 9 times"", ""checked session page""]"
2dfad3f1-b93f-46aa-a2fa-20f390407243,"[""session page views"", ""'Yes' quick poll answers"", ""9 file downloads""]"
2dfad3f1-b93f-46aa-a2fa-20f390407243,"[""downloaded file 9 times"", ""participated in poll answering 'Yes'"", ""viewe sesssion page""]"
2dfad3f1-b93f-46aa-a2fa-20f390407243,"[""9 file downloads"", ""'Yes' answer in quick poll"", ""session view""]"
2dfad3f1-b93f-46aa-a2fa-20f390407243,"[""left a note on page with 'speaker' type"", ""work at Abercrombie & Fitch"", ""rated page with 'exhibitor' type""]"
2dfad3f1-b93f-46aa-a2fa-20f390407243,"[""rated exhibitor's page"", ""left a note on speaker's page"", ""work at Abercrombie & Fitch""]"
2dfad3f1-b93f-46aa-a2fa-20f390407243,"[""works ar Abercrombie & Fitch"", ""exhibitor's page rating"", ""note on speaker's page""]"
2dfad3f1-b93f-46aa-a2fa-20f390407243,"[""note about speaker"", ""exhibitor rating"", ""works at Abercrombie & Fitch""]"
2dfad3f1-b93f-46aa-a2fa-20f390407243,"[""from Abercrombie & Fitch"", ""rated an exhibitor"", ""left a note about speaker""]"
2dfad3f1-b93f-46aa-a2fa-20f390407243,"[""rated an exhibitor"", ""works at Abercrombie & Fitch"", ""left a note on speaker's page""]"
2dfad3f1-b93f-46aa-a2fa-20f390407243,"[""connected google+"", ""written positive posts"", ""n't enjoyed the event""]"
2dfad3f1-b93f-46aa-a2fa-20f390407243,"[""negative sentiment towards event"", ""positive post"", ""connected google+""]"
2dfad3f1-b93f-46aa-a2fa-20f390407243,"[""connected google+ account"", ""post with positive sentiment"", ""n't enjoy the event""]"
2dfad3f1-b93f-46aa-a2fa-20f390407243,"[""n't enjoy event"", ""written positive sentiment"", ""connected google+""]"
2dfad3f1-b93f-46aa-a2fa-20f390407243,"[""n't like the event"", ""connected google+ account"", ""composed a positive post""]"
2dfad3f1-b93f-46aa-a2fa-20f390407243,"[""linked google+ account"", ""written post with positive sentiment"", ""n't really like the event""]"
2dfad3f1-b93f-46aa-a2fa-20f390407243,"[""from Vatican city"", ""replied to posts about 'concussion'"", ""n't enjoy the event""]"
2dfad3f1-b93f-46aa-a2fa-20f390407243,"[""replied to post with 'concussion'"", ""not enjoyed the event"", ""Vatican City set as location""]"
2dfad3f1-b93f-46aa-a2fa-20f390407243,"[""from Vatican City"", ""n't like the event"", ""replied to post with 'concussion' in its text""]"
2dfad3f1-b93f-46aa-a2fa-20f390407243,"[""replied to posts about 'concussion'"", ""negative sentiment towards event"", ""Vatican City location""]"
2dfad3f1-b93f-46aa-a2fa-20f390407243,"[""live in Vatican City"", ""replied to post with 'concussion'"", ""n't like the event""]"
2dfad3f1-b93f-46aa-a2fa-20f390407243,"[""not enjoyed the event"", ""replied to post with 'concussion'"", ""reside in Vatican City""]"
2dfad3f1-b93f-46aa-a2fa-20f390407243,"[""working at Abercrombie & Fitch"", ""liked post 5 times"", ""clicked on ad with 'escapist'""]"
2dfad3f1-b93f-46aa-a2fa-20f390407243,"[""clicks on ads containing 'escapist'"", ""5 post likes"", ""Abercrombie & Fitch set as company""]"
2dfad3f1-b93f-46aa-a2fa-20f390407243,"[""working at Abercrombie & Fitch"", ""clicked on 'escapist' ad"", ""liked post 5 times""]"
2dfad3f1-b93f-46aa-a2fa-20f390407243,"[""liked post 5 times"", ""5 likes of posts"", ""working at Abercrombie & Fitch""]"
2dfad3f1-b93f-46aa-a2fa-20f390407243,"[""5 post likes"", ""clicks on ad which mentioned 'escapist'"", ""working at Abercrombie & Fitch""]"
2dfad3f1-b93f-46aa-a2fa-20f390407243,"[""working at Abercrombie & Fitch"", ""5 posts likes"", ""clicked on ad containing 'escapist'""]"
2dfad3f1-b93f-46aa-a2fa-20f390407243,"[""liked post by Clay Arnold"", ""viewed page with 'beyond'"", ""wrote post with 5 replies""]"
2dfad3f1-b93f-46aa-a2fa-20f390407243,"[""viewed page mentioning 'beyond'"", ""posts with 5 replies"", ""liked Clay Arnold's post""]"
2dfad3f1-b93f-46aa-a2fa-20f390407243,"[""post containing 5 replies"", ""view of page with 'beyond' in its text"", ""like of Clay Arnold's post""]"
2dfad3f1-b93f-46aa-a2fa-20f390407243,"[""wrote post with 5 replies"", ""liked post by Clay Arnold"", ""viewed page which contains 'beyond'""]"
2dfad3f1-b93f-46aa-a2fa-20f390407243,"[""liked Clay Arnold's post"", ""post with 5 comments"", ""view of page which mentioned 'beyond'""]"
2dfad3f1-b93f-46aa-a2fa-20f390407243,"[""viewed page with 'beyond'"", ""liked post written by Clay Arnold"", ""wrote post with 5 comments""]"
2dfad3f1-b93f-46aa-a2fa-20f390407243,"[""wrote positive post"", ""attended event 4 times"", ""work as Affordable Housting Specialist""]"
2dfad3f1-b93f-46aa-a2fa-20f390407243,"[""Affordable Housing Specialist position"", ""4 event attendances"", ""positive post""]"
2dfad3f1-b93f-46aa-a2fa-20f390407243,"[""set position to Affordable Housing Specialist"", ""wrote post with positive sentiment"", ""attended event 4 times""]"
2dfad3f1-b93f-46aa-a2fa-20f390407243,"[""positive posts"", ""Affordable Housing Specialist position"", ""4 event attendances""]"
2dfad3f1-b93f-46aa-a2fa-20f390407243,"[""work at Affordable Housing Specialist position"", ""wrote positive post"", ""attended even 5 times""]"
2dfad3f1-b93f-46aa-a2fa-20f390407243,"[""attended event 4 times"", ""Affordable Housing Specialist position"", ""wrote post with  positive sentiment""]"
2dfad3f1-b93f-46aa-a2fa-20f390407243,"[""n't enjoyed the event"", ""rated page containing 'coastal'"", ""wrote post with 2 likes""]"
2dfad3f1-b93f-46aa-a2fa-20f390407243,"[""rating for page about 'coastal'"", ""post liked 2 times"", ""negative feelings towards the event""]"
2dfad3f1-b93f-46aa-a2fa-20f390407243,"[""n't enjoyed the event"", ""written post which was liked 2 times"", ""rated page mentioning 'coastal'""]"
2dfad3f1-b93f-46aa-a2fa-20f390407243,"[""rated page with 'coastal' word"", ""n't like the event"", ""posted something liked 2 times""]"
2dfad3f1-b93f-46aa-a2fa-20f390407243,"[""wrote post with 2 likes"", ""n't enjoyed the event"", ""rated page containing 'coastal'""]"
2dfad3f1-b93f-46aa-a2fa-20f390407243,"[""wrote post which was liked 2 times"", ""rated page with 'coastal' word"", ""n't enjoyed the event""]"
2dfad3f1-b93f-46aa-a2fa-20f390407243,"[""attended 'Happy Hippopotamuss'17' event"", ""participated in poll once"", ""rated exhibitor's page""]"
2dfad3f1-b93f-46aa-a2fa-20f390407243,"[""attended 'Happy Hippopotamuss'17' event"", ""left rating on page with 'exhibitor' type"", ""voted in poll""]"
2dfad3f1-b93f-46aa-a2fa-20f390407243,"[""voted in 1 poll"", ""attended 'Happy Hippopotamuss'17'"", ""rated page with 'exhibitor' type""]"
2dfad3f1-b93f-46aa-a2fa-20f390407243,"[""answerted 1 poll"", ""rated exhibitor"", ""attended 'Happy Hippopotamuss'17' event""]"
2dfad3f1-b93f-46aa-a2fa-20f390407243,"[""rated exhibitor"", ""attended 'Happy Hippopotamuss'17'"", ""voted in poll once""]"
2dfad3f1-b93f-46aa-a2fa-20f390407243,"[""rated exhibitor's page"", ""voted in single poll"", ""attended 'Happy Hippopotamuss'17'""]"
59d09959-5836-494f-9176-7a11a449b2fa,"[""clicked on ad by 'Acsis Inc.'"", ""mentioned Steven Owens"", ""participated in a polls 4 times""]"
59d09959-5836-494f-9176-7a11a449b2fa,"[""mentioned Steven Owens"", ""participated in 4 polls"", ""converted on the 'Acsis Inc.' ad ""]"
59d09959-5836-494f-9176-7a11a449b2fa,"[""wrote a post about Steven Owens"", ""clicked on advertisement by 'Acisi Inc.'"", ""took 4 polls""]"
59d09959-5836-494f-9176-7a11a449b2fa,"[""named Petra"", ""viewed page contains 'adsorbable'"", ""a post with 8 likes ""]"
59d09959-5836-494f-9176-7a11a449b2fa,"[""posted a content with 8 likes"", ""visited page contains 'adsorbable'"", ""called Petra""]"
59d09959-5836-494f-9176-7a11a449b2fa,"[""name is Petra"", ""opened page with 'adsorbable'"", ""posted a message with 8 likes""]"
59d09959-5836-494f-9176-7a11a449b2fa,"[""enjoyed the event"", ""wrote 2 posts"", ""clicked on ad by 'Acsis Inc.'""]"
59d09959-5836-494f-9176-7a11a449b2fa,"[""posted 2 messages"", ""clicked on ad by 'Acsis Inc.'"", ""enjoyed the event""]"
59d09959-5836-494f-9176-7a11a449b2fa,"[""clicked on 2 ads"", ""rated with 2 stars speaker's page""]"
59d09959-5836-494f-9176-7a11a449b2fa,"[""rated speaker with 2 stars"", ""clicked on ads 2 times""]"
59d09959-5836-494f-9176-7a11a449b2fa,"[""rated page contains 'pragmatic'"", ""viewed page contains 'adsorbable'"", ""participated in 4 polls""]"
59d09959-5836-494f-9176-7a11a449b2fa,"[""voted 4 times"", ""leave a rate on page with 'pragmatic'"", ""viewed page with 'adsorbable'""]"
59d09959-5836-494f-9176-7a11a449b2fa,"[""participated in 4 polls"", ""connected Google +"", ""took a not on page with 'coastal'""]"
59d09959-5836-494f-9176-7a11a449b2fa,"[""created a not on page contains 'coastal'"", ""voted 4 times"", ""Google + account""]"
59d09959-5836-494f-9176-7a11a449b2fa,"[""post with 9 replies"", ""viewed sponsor page"", ""rated page with 2 stars""]"
59d09959-5836-494f-9176-7a11a449b2fa,"[""content with 9 replies"", ""viewed sponsor"", ""rated page with more than 2 stars""]"
59d09959-5836-494f-9176-7a11a449b2fa,"[""posted a content with 9 comments"", ""opened sponsor page"", ""rated with 2 stars ""]"
3ea9c741-6993-44f9-937c-3a5718a08693,"[""liked a post by Philip Stephens"", ""left a note on a page 3 times"", ""downloaded a file named workshop.doc""]"
3ea9c741-6993-44f9-937c-3a5718a08693,"[""left 3 notes"", ""liked a post by Philip"", ""downloaded workshop.doc""]"
3ea9c741-6993-44f9-937c-3a5718a08693,"[""clicked on an ad 4 times""]"
3ea9c741-6993-44f9-937c-3a5718a08693,"[""bio contains 8"", ""attended 7 events"", ""clicked on 4 ads""]"
