,id,phrase
0,e82bae79-8891-4244-9745-bcb07935845c,wrote posts mentioning Stacy Vaughn
1,e82bae79-8891-4244-9745-bcb07935845c,liked any post 9 times
2,e82bae79-8891-4244-9745-bcb07935845c,clicked on ad with 'blackout' in it
3,e82bae79-8891-4244-9745-bcb07935845c,wrote at least one post with mention of Stacy Vaughn
4,e82bae79-8891-4244-9745-bcb07935845c,liked any post 9 or more times
5,e82bae79-8891-4244-9745-bcb07935845c,clickd on ad with text 'blackout' in it
6,e82bae79-8891-4244-9745-bcb07935845c,wrote a post about Stacy Vaughn
7,e82bae79-8891-4244-9745-bcb07935845c,at least nine likes
8,e82bae79-8891-4244-9745-bcb07935845c,clickd on add that contained 'blackout'
9,e82bae79-8891-4244-9745-bcb07935845c,clicked on ad about blackout
10,e82bae79-8891-4244-9745-bcb07935845c,also liked post 9 times
11,e82bae79-8891-4244-9745-bcb07935845c,wrote post with Stacy Vaughn's mention
12,e82bae79-8891-4244-9745-bcb07935845c,wrote Stacy Vaughn's post
13,e82bae79-8891-4244-9745-bcb07935845c,liked it 9 times
14,e82bae79-8891-4244-9745-bcb07935845c,clicked on ad that contains 'blackout'
15,e82bae79-8891-4244-9745-bcb07935845c,rated page at least 4 times
16,e82bae79-8891-4244-9745-bcb07935845c,answered 'Yes' in a poll
17,e82bae79-8891-4244-9745-bcb07935845c,downloaded 'exhibitor' type page file
18,e82bae79-8891-4244-9745-bcb07935845c,rated any page four times
19,e82bae79-8891-4244-9745-bcb07935845c,participated in poll and answered yes to any question
20,e82bae79-8891-4244-9745-bcb07935845c,downloaded a file from page with 'exhibitor' type
21,e82bae79-8891-4244-9745-bcb07935845c,rated page 4 time
22,e82bae79-8891-4244-9745-bcb07935845c,answered yes in poll
23,e82bae79-8891-4244-9745-bcb07935845c,downloaded a file from exhibitor page
24,e82bae79-8891-4244-9745-bcb07935845c,rated page 4 or more times
25,e82bae79-8891-4244-9745-bcb07935845c,in poll answered yes
26,e82bae79-8891-4244-9745-bcb07935845c,got file from 'exhibitor' type page
27,e82bae79-8891-4244-9745-bcb07935845c,rated page four times
28,e82bae79-8891-4244-9745-bcb07935845c,participated in poll and answered yes
29,e82bae79-8891-4244-9745-bcb07935845c,downloaded any file from exhibitor page
30,e82bae79-8891-4244-9745-bcb07935845c,'captive' in bio
31,e82bae79-8891-4244-9745-bcb07935845c,n't enjoy event
32,e82bae79-8891-4244-9745-bcb07935845c,downloaed a file from exhibitor page
33,e82bae79-8891-4244-9745-bcb07935845c,'captive' in bio
34,e82bae79-8891-4244-9745-bcb07935845c,n't enjoy the event
35,e82bae79-8891-4244-9745-bcb07935845c,downloaded a file from exhibitor page
36,e82bae79-8891-4244-9745-bcb07935845c,name Marjorie
37,e82bae79-8891-4244-9745-bcb07935845c,replied to negative post
38,e82bae79-8891-4244-9745-bcb07935845c,downloaded a file from page with 'exhibitor' type
39,e82bae79-8891-4244-9745-bcb07935845c,Marjories
40,e82bae79-8891-4244-9745-bcb07935845c,replied to negative post
41,e82bae79-8891-4244-9745-bcb07935845c,downloaded exhibitor file
42,e82bae79-8891-4244-9745-bcb07935845c,first name Marjorie
43,e82bae79-8891-4244-9745-bcb07935845c,replied to post with negative sentiment
44,e82bae79-8891-4244-9745-bcb07935845c,downloaded a file from page with 'exhibitor' type
45,e82bae79-8891-4244-9745-bcb07935845c,named Marjorie
46,e82bae79-8891-4244-9745-bcb07935845c,replied to post with negative sentiment
47,e82bae79-8891-4244-9745-bcb07935845c,downloaded a file from page with 'exhibitor' type
48,e82bae79-8891-4244-9745-bcb07935845c,answered 'Yes' in a poll
49,e82bae79-8891-4244-9745-bcb07935845c,wrote positive post
50,e82bae79-8891-4244-9745-bcb07935845c,clicked ablitech ad
51,e82bae79-8891-4244-9745-bcb07935845c,participated in poll and answered yes
52,e82bae79-8891-4244-9745-bcb07935845c,wrote a post with positive sentiment
53,e82bae79-8891-4244-9745-bcb07935845c,clicked on ad from 'Ablitech Co'
54,e82bae79-8891-4244-9745-bcb07935845c,participated in poll and answered yes
55,e82bae79-8891-4244-9745-bcb07935845c,wrote a post with positive sentiment
56,e82bae79-8891-4244-9745-bcb07935845c,"clicked on ad from 'Ablitech, Inc.'"
57,e82bae79-8891-4244-9745-bcb07935845c,never participated in poll
58,e82bae79-8891-4244-9745-bcb07935845c,never answered yes
59,e82bae79-8891-4244-9745-bcb07935845c,bio has 'captive' in it
60,e82bae79-8891-4244-9745-bcb07935845c,participated in no poll
61,e82bae79-8891-4244-9745-bcb07935845c,never answered yes
62,e82bae79-8891-4244-9745-bcb07935845c,'captive' in bio
63,e82bae79-8891-4244-9745-bcb07935845c,rated speaker page
64,e82bae79-8891-4244-9745-bcb07935845c,replied to negative sentiment post
65,e82bae79-8891-4244-9745-bcb07935845c,liked Caleb Ramirez' post
66,e82bae79-8891-4244-9745-bcb07935845c,wrote at least 4 posts
67,e82bae79-8891-4244-9745-bcb07935845c,any positive post
68,e82bae79-8891-4244-9745-bcb07935845c,'captive' in their bio
69,e82bae79-8891-4244-9745-bcb07935845c,replied to post with 'captive' in it
70,e82bae79-8891-4244-9745-bcb07935845c,phone 4478650513
71,e82bae79-8891-4244-9745-bcb07935845c,downloaded 'workshop.doc' file
72,e82bae79-8891-4244-9745-bcb07935845c,replied to post with 'captive' in it
73,e82bae79-8891-4244-9745-bcb07935845c,phone 4478650513
74,e82bae79-8891-4244-9745-bcb07935845c,downloaded workshop document
75,e82bae79-8891-4244-9745-bcb07935845c,viewed page  5 times
76,e82bae79-8891-4244-9745-bcb07935845c,never participated in polls
77,e82bae79-8891-4244-9745-bcb07935845c,liked post by Caleb Ramirez
78,0bb4c343-8c07-42aa-bb34-fcd9a1989d41,White as a last name
79,0bb4c343-8c07-42aa-bb34-fcd9a1989d41,liked posts by Shawna Potter
80,0bb4c343-8c07-42aa-bb34-fcd9a1989d41,downloaded a file from page with 'sponsor' type
81,0bb4c343-8c07-42aa-bb34-fcd9a1989d41,last name White
82,0bb4c343-8c07-42aa-bb34-fcd9a1989d41,liked at least one post by Shawna Potter
83,0bb4c343-8c07-42aa-bb34-fcd9a1989d41,downloaded file from 'sponsor' type page
84,1c17a974-92f1-44a5-9e05-ce75db85d775,rated page containing 'abomination'
85,1c17a974-92f1-44a5-9e05-ce75db85d775,phone (895) 592-8974
86,1c17a974-92f1-44a5-9e05-ce75db85d775,not enjoyed the event
87,1c17a974-92f1-44a5-9e05-ce75db85d775,rated page with 'abomination' in text
88,1c17a974-92f1-44a5-9e05-ce75db85d775,phone (895) 592-8974
89,1c17a974-92f1-44a5-9e05-ce75db85d775,not enjoyed the event
90,1c17a974-92f1-44a5-9e05-ce75db85d775,rated page containing 'abomination'
91,1c17a974-92f1-44a5-9e05-ce75db85d775,phone (895) 592-8974
92,1c17a974-92f1-44a5-9e05-ce75db85d775,n't impressed by the event
93,1c17a974-92f1-44a5-9e05-ce75db85d775,rated page with 'abomination' in text
94,1c17a974-92f1-44a5-9e05-ce75db85d775,phone (895) 592-8974
95,1c17a974-92f1-44a5-9e05-ce75db85d775,n't impressed by the event
96,1c17a974-92f1-44a5-9e05-ce75db85d775,rated page containing 'abomination'
97,1c17a974-92f1-44a5-9e05-ce75db85d775,clicked on any ad 6 times
98,1c17a974-92f1-44a5-9e05-ce75db85d775,liked post written by Dolores Cummings
99,1c17a974-92f1-44a5-9e05-ce75db85d775,rated page with word 'abomination' in text
100,1c17a974-92f1-44a5-9e05-ce75db85d775,clicked on any ad 6 times
101,1c17a974-92f1-44a5-9e05-ce75db85d775,liked Dolores Cummings' post
102,1c17a974-92f1-44a5-9e05-ce75db85d775,rated page with word 'abomination' in text
103,1c17a974-92f1-44a5-9e05-ce75db85d775,clicked on any ad 6 times
104,1c17a974-92f1-44a5-9e05-ce75db85d775,liked Dolores Cummings' post
105,1c17a974-92f1-44a5-9e05-ce75db85d775,replied to Hoe Griffith's post
106,1c17a974-92f1-44a5-9e05-ce75db85d775,liked post containing word 'coastal'
107,1c17a974-92f1-44a5-9e05-ce75db85d775,left a note on page 9 times
108,1c17a974-92f1-44a5-9e05-ce75db85d775,replied to Hoe Griffith's post
109,1c17a974-92f1-44a5-9e05-ce75db85d775,liked post containing word 'coastal'
110,1c17a974-92f1-44a5-9e05-ce75db85d775,left a note on page 9 times
111,1c17a974-92f1-44a5-9e05-ce75db85d775,replied to post written by Hoe Griffith's
112,1c17a974-92f1-44a5-9e05-ce75db85d775,liked post with word 'coastal'
113,1c17a974-92f1-44a5-9e05-ce75db85d775,9 times left a note on a page
114,1c17a974-92f1-44a5-9e05-ce75db85d775,liked post with word 'coastal'
115,1c17a974-92f1-44a5-9e05-ce75db85d775,replied to post written by Hoe Griffith's
116,1c17a974-92f1-44a5-9e05-ce75db85d775,9 times left a note on a page
117,1c17a974-92f1-44a5-9e05-ce75db85d775,liked post with word 'coastal'
118,1c17a974-92f1-44a5-9e05-ce75db85d775,replied to post written by Hoe Griffith's
119,1c17a974-92f1-44a5-9e05-ce75db85d775,left 9 notes on a page
120,1c17a974-92f1-44a5-9e05-ce75db85d775,viewed a page with word 'adsorbable'
121,1c17a974-92f1-44a5-9e05-ce75db85d775,downloaded 5 files
122,1c17a974-92f1-44a5-9e05-ce75db85d775,n't enjoy the event
123,47f882a6-7098-4f35-ba9a-543bf1658bef,a linkedin account
124,47f882a6-7098-4f35-ba9a-543bf1658bef,clicked on an ad with the word 'big'
125,47f882a6-7098-4f35-ba9a-543bf1658bef, commented with a word 'convulsion'
126,47f882a6-7098-4f35-ba9a-543bf1658bef,a linkedin connection
127,47f882a6-7098-4f35-ba9a-543bf1658bef,clicked an ad containing 'big'
128,47f882a6-7098-4f35-ba9a-543bf1658bef, left a note with 'convulsion'
129,47f882a6-7098-4f35-ba9a-543bf1658bef,clicked an ad with a word 'big'
130,47f882a6-7098-4f35-ba9a-543bf1658bef,are connected with linkedin
131,47f882a6-7098-4f35-ba9a-543bf1658bef,left commented about 'convulsion'
132,89fe7888-256c-4892-a213-457e66729b10,"""big"" in their bio"
133,89fe7888-256c-4892-a213-457e66729b10,liked post about biplane
134,89fe7888-256c-4892-a213-457e66729b10,replied to post by Sherman Cooper
135,89fe7888-256c-4892-a213-457e66729b10,"""big"" in bio"
136,89fe7888-256c-4892-a213-457e66729b10,likes biplanes
137,89fe7888-256c-4892-a213-457e66729b10,replied to Sherman Cooper
138,89fe7888-256c-4892-a213-457e66729b10,"""big"" in description"
139,89fe7888-256c-4892-a213-457e66729b10,replied to Sherman Cooper
140,89fe7888-256c-4892-a213-457e66729b10,liked some post on biplanes
141,89fe7888-256c-4892-a213-457e66729b10,replied to Sherman Cooper
142,89fe7888-256c-4892-a213-457e66729b10,"like posts with ""biplane"" in it"
143,89fe7888-256c-4892-a213-457e66729b10,"""big"" in bio"
144,89fe7888-256c-4892-a213-457e66729b10,liked post on biplane
145,89fe7888-256c-4892-a213-457e66729b10,replied to Cooper
146,7ed51af2-135b-476a-98c5-3e8da03c9e2e,liked the post 9 times
147,7ed51af2-135b-476a-98c5-3e8da03c9e2e,'captive' in bio
148,7ed51af2-135b-476a-98c5-3e8da03c9e2e,Chante as first name
149,7ed51af2-135b-476a-98c5-3e8da03c9e2e,the name Chante
150,7ed51af2-135b-476a-98c5-3e8da03c9e2e,liked the post 9 times
151,7ed51af2-135b-476a-98c5-3e8da03c9e2e,'captive' in their bio
152,7ed51af2-135b-476a-98c5-3e8da03c9e2e,liked the post 9 time
153,7ed51af2-135b-476a-98c5-3e8da03c9e2e,first name Chante
154,7ed51af2-135b-476a-98c5-3e8da03c9e2e,'captive' in bio
155,7ed51af2-135b-476a-98c5-3e8da03c9e2e,named Chante
156,7ed51af2-135b-476a-98c5-3e8da03c9e2e,the word 'captive' in bio
157,7ed51af2-135b-476a-98c5-3e8da03c9e2e,liked the post nine times
158,7ed51af2-135b-476a-98c5-3e8da03c9e2e,'Chante' as first name
159,7ed51af2-135b-476a-98c5-3e8da03c9e2e,'captive' in bio
160,7ed51af2-135b-476a-98c5-3e8da03c9e2e,liked post 9 times
161,7ed51af2-135b-476a-98c5-3e8da03c9e2e,'captive' in the bio
162,7ed51af2-135b-476a-98c5-3e8da03c9e2e,first name 'Chante'
163,7ed51af2-135b-476a-98c5-3e8da03c9e2e,liked post 9 times
164,7ed51af2-135b-476a-98c5-3e8da03c9e2e,replied to post about blackout
165,7ed51af2-135b-476a-98c5-3e8da03c9e2e,rated page 3 times
166,7ed51af2-135b-476a-98c5-3e8da03c9e2e,wrote a post that contains 'big'?
167,7ed51af2-135b-476a-98c5-3e8da03c9e2e,wrote the post about 'big'
168,7ed51af2-135b-476a-98c5-3e8da03c9e2e,rated page 3 times
169,7ed51af2-135b-476a-98c5-3e8da03c9e2e,replied to the post that contains word 'blackout'?
170,7ed51af2-135b-476a-98c5-3e8da03c9e2e,mentioned 'big'
171,7ed51af2-135b-476a-98c5-3e8da03c9e2e,replied on post containing 'blackout'
172,7ed51af2-135b-476a-98c5-3e8da03c9e2e,rated the page 3 times?
173,7ed51af2-135b-476a-98c5-3e8da03c9e2e,"replied to the post that contains word 'blackout"""
174,7ed51af2-135b-476a-98c5-3e8da03c9e2e,rated page 3 times
175,7ed51af2-135b-476a-98c5-3e8da03c9e2e,"wrote a post containing 'big'
"
176,7ed51af2-135b-476a-98c5-3e8da03c9e2e,replied to post with 'blackout' in it
177,7ed51af2-135b-476a-98c5-3e8da03c9e2e,rated the page three times
178,7ed51af2-135b-476a-98c5-3e8da03c9e2e,wrote post that contains 'big'
179,c255bb86-9172-4cc9-84a2-7e710e94106e,wrote a note on page with word 'easy'
180,c255bb86-9172-4cc9-84a2-7e710e94106e,liked a positive post 3 times
181,c255bb86-9172-4cc9-84a2-7e710e94106e,left a note on page containing 'easy'
182,c255bb86-9172-4cc9-84a2-7e710e94106e,made 3 likes on positive posts
183,c255bb86-9172-4cc9-84a2-7e710e94106e,created a post with word 'easy' in text
184,c255bb86-9172-4cc9-84a2-7e710e94106e,liked 3 positive posts
185,c255bb86-9172-4cc9-84a2-7e710e94106e,created a post on page containing 'easy'
186,c255bb86-9172-4cc9-84a2-7e710e94106e,liked 3 positive posts
187,c255bb86-9172-4cc9-84a2-7e710e94106e,replied to Andy Chandler's post
188,c255bb86-9172-4cc9-84a2-7e710e94106e,bio contains 'beyond'
189,c255bb86-9172-4cc9-84a2-7e710e94106e,viewed 2 pages
190,c255bb86-9172-4cc9-84a2-7e710e94106e,replied to post written by Andy Chandler
191,c255bb86-9172-4cc9-84a2-7e710e94106e,bio contains 'beyond'
192,c255bb86-9172-4cc9-84a2-7e710e94106e,viewed 2 pages
193,c255bb86-9172-4cc9-84a2-7e710e94106e,replied to post written by Andy Chandler
194,c255bb86-9172-4cc9-84a2-7e710e94106e,bio contains 'beyond'
195,c255bb86-9172-4cc9-84a2-7e710e94106e,viewed page 2 times
196,c255bb86-9172-4cc9-84a2-7e710e94106e,replied to post written by Andy Chandler
197,c255bb86-9172-4cc9-84a2-7e710e94106e,bio containing word 'beyond'
198,c255bb86-9172-4cc9-84a2-7e710e94106e,viewed page 2 times
199,c255bb86-9172-4cc9-84a2-7e710e94106e,replied to post written by Andy Chandler
200,c255bb86-9172-4cc9-84a2-7e710e94106e,either Asylum or Immigration Officer position
201,c255bb86-9172-4cc9-84a2-7e710e94106e,website named 'bandcamp.com'
202,c255bb86-9172-4cc9-84a2-7e710e94106e,make a reply to the post written by Andy Chandler
203,c255bb86-9172-4cc9-84a2-7e710e94106e,either Asylum or Immigration Officer position
204,c255bb86-9172-4cc9-84a2-7e710e94106e,website named 'bandcamp.com'
206,c255bb86-9172-4cc9-84a2-7e710e94106e,either Asylum or Immigration Officer position
207,c255bb86-9172-4cc9-84a2-7e710e94106e,'bandcamp.com' website
209,c255bb86-9172-4cc9-84a2-7e710e94106e,either Asylum or Immigration Officer position
210,c255bb86-9172-4cc9-84a2-7e710e94106e,'bandcamp.com' website
211,ad086d89-92c8-439f-adf4-e3dc3a62b13c,liked posts about 'escapist'
212,ad086d89-92c8-439f-adf4-e3dc3a62b13c,first name = 'Lavern'
213,ad086d89-92c8-439f-adf4-e3dc3a62b13c,rated pages with type 'session'
214,ad086d89-92c8-439f-adf4-e3dc3a62b13c,first name is 'Lavern'
215,ad086d89-92c8-439f-adf4-e3dc3a62b13c,liked posts about 'escapist'
216,ad086d89-92c8-439f-adf4-e3dc3a62b13c,rated 'session' pages
217,ad086d89-92c8-439f-adf4-e3dc3a62b13c,gave rating to 'session' pages
218,ad086d89-92c8-439f-adf4-e3dc3a62b13c,first name was 'Lavern'
219,ad086d89-92c8-439f-adf4-e3dc3a62b13c,liked all posts about 'escapist'
220,ad086d89-92c8-439f-adf4-e3dc3a62b13c,from 'Greece'
221,ad086d89-92c8-439f-adf4-e3dc3a62b13c,website = 'free.fr'
222,ad086d89-92c8-439f-adf4-e3dc3a62b13c,attended event 3 times
223,ad086d89-92c8-439f-adf4-e3dc3a62b13c,participated in event 3 times
224,ad086d89-92c8-439f-adf4-e3dc3a62b13c,their website is 'free.fr'
225,ad086d89-92c8-439f-adf4-e3dc3a62b13c,location is 'Greece'
226,ad086d89-92c8-439f-adf4-e3dc3a62b13c,attended event 3 times
227,ad086d89-92c8-439f-adf4-e3dc3a62b13c,website set in their profile as 'free.fr'
228,ad086d89-92c8-439f-adf4-e3dc3a62b13c,all of them from 'Greece'
229,98be4665-b3db-4133-a8cf-299dfa8205ab,clicked five times on the ad on exhibitor page
230,98be4665-b3db-4133-a8cf-299dfa8205ab,no downloads
231,98be4665-b3db-4133-a8cf-299dfa8205ab,clicked five times on the ad on the exhibitor page
232,98be4665-b3db-4133-a8cf-299dfa8205ab,zero downloads
233,98be4665-b3db-4133-a8cf-299dfa8205ab,users clicked 5 times ad exhibitor page
234,98be4665-b3db-4133-a8cf-299dfa8205ab,0 downloads
235,98be4665-b3db-4133-a8cf-299dfa8205ab,"bio having ""biplane"""
236,98be4665-b3db-4133-a8cf-299dfa8205ab,attended once
237,98be4665-b3db-4133-a8cf-299dfa8205ab,liked a positive post
238,98be4665-b3db-4133-a8cf-299dfa8205ab,'biplane' in bio
239,98be4665-b3db-4133-a8cf-299dfa8205ab,attended before
240,98be4665-b3db-4133-a8cf-299dfa8205ab,liked a positively colored sentiment
241,98be4665-b3db-4133-a8cf-299dfa8205ab,exactly one attend
242,98be4665-b3db-4133-a8cf-299dfa8205ab,liked a post with a positive sentiment
243,98be4665-b3db-4133-a8cf-299dfa8205ab,"who's bio contains ""biplane"""
244,98be4665-b3db-4133-a8cf-299dfa8205ab,"a ""biplane"" in their profile description"
245,98be4665-b3db-4133-a8cf-299dfa8205ab,attended an event once
246,98be4665-b3db-4133-a8cf-299dfa8205ab,liked a post that can be said to be a positive one
247,98be4665-b3db-4133-a8cf-299dfa8205ab,"wrote a post with ""rare"""
248,98be4665-b3db-4133-a8cf-299dfa8205ab,replied to Stacy Vaughn
249,98be4665-b3db-4133-a8cf-299dfa8205ab,also has 769 9165972 as phone
250,98be4665-b3db-4133-a8cf-299dfa8205ab,"post ""rare"""
251,98be4665-b3db-4133-a8cf-299dfa8205ab,made reply to Stacy Vaughn
252,98be4665-b3db-4133-a8cf-299dfa8205ab,7699165982 phone
253,98be4665-b3db-4133-a8cf-299dfa8205ab,reply to Stacy Vaughn
254,98be4665-b3db-4133-a8cf-299dfa8205ab,phone number 7699165982
255,98be4665-b3db-4133-a8cf-299dfa8205ab,"post has ""rare"""
256,98be4665-b3db-4133-a8cf-299dfa8205ab,"post containing ""rare"" word"
257,98be4665-b3db-4133-a8cf-299dfa8205ab,a reply to a user named Stacy Vaughn
258,98be4665-b3db-4133-a8cf-299dfa8205ab,a phone (769) 916-5982
259,98be4665-b3db-4133-a8cf-299dfa8205ab,"the ""rare"" word in their writings"
260,98be4665-b3db-4133-a8cf-299dfa8205ab,replied to Stacy Vaughn
261,98be4665-b3db-4133-a8cf-299dfa8205ab,number is (769) 916-5982
262,3733dc0c-6d13-4260-bd47-0826b656ba9c,downloaded a file 5 times
263,3733dc0c-6d13-4260-bd47-0826b656ba9c,answered a poll 'no' three times
264,3733dc0c-6d13-4260-bd47-0826b656ba9c,answered three polls with 'no'
265,3733dc0c-6d13-4260-bd47-0826b656ba9c,downloaded a file five times
266,3733dc0c-6d13-4260-bd47-0826b656ba9c,answered 'no' for a poll
267,3733dc0c-6d13-4260-bd47-0826b656ba9c,answered at least three polls
268,3733dc0c-6d13-4260-bd47-0826b656ba9c,downloaded a file five times
269,3733dc0c-6d13-4260-bd47-0826b656ba9c,downloaded a file 5 times
270,3733dc0c-6d13-4260-bd47-0826b656ba9c,answered three polls
271,3733dc0c-6d13-4260-bd47-0826b656ba9c,at least one answer was 'no'
272,3733dc0c-6d13-4260-bd47-0826b656ba9c,located in North Korea
760,3733dc0c-6d13-4260-bd47-0826b656ba9c,rated a page that contains 'gargoyle' at least nine times
273,3733dc0c-6d13-4260-bd47-0826b656ba9c,liked a page nine time and the page contains 'gargoyle'
275,3733dc0c-6d13-4260-bd47-0826b656ba9c,the attendee is located in North Korea
276,3733dc0c-6d13-4260-bd47-0826b656ba9c,attended the event 'Deeply Seals'15'
277,3733dc0c-6d13-4260-bd47-0826b656ba9c,'ow.ly' website
278,3733dc0c-6d13-4260-bd47-0826b656ba9c,viewed a page two times
279,3733dc0c-6d13-4260-bd47-0826b656ba9c, 'ow.ly' as website
280,3733dc0c-6d13-4260-bd47-0826b656ba9c,viewed at least two pages
281,3733dc0c-6d13-4260-bd47-0826b656ba9c,attended the event 'Deeply Seals'15'
282,a6568381-2d52-4699-877e-36f5a9956010,answered No in poll
283,a6568381-2d52-4699-877e-36f5a9956010,liked post by Caleb Ramirez
284,a6568381-2d52-4699-877e-36f5a9956010,replied to post with 'biplane'
285,a6568381-2d52-4699-877e-36f5a9956010,voted No in any poll
286,a6568381-2d52-4699-877e-36f5a9956010,liked Caleb Ramirez's post
287,a6568381-2d52-4699-877e-36f5a9956010,replied to the post contains 'biplane'
288,a6568381-2d52-4699-877e-36f5a9956010,answered No in any poll
289,a6568381-2d52-4699-877e-36f5a9956010,liked Caleb Ramirez's content
290,a6568381-2d52-4699-877e-36f5a9956010,commented to the post about 'biplane'
291,a6568381-2d52-4699-877e-36f5a9956010,voted No
292,a6568381-2d52-4699-877e-36f5a9956010,liked post written by Caleb Ramirez
293,a6568381-2d52-4699-877e-36f5a9956010,commented with 'biplane' to the post 
294,a6568381-2d52-4699-877e-36f5a9956010,liked message by Caleb Ramirez
295,a6568381-2d52-4699-877e-36f5a9956010,voted No
296,a6568381-2d52-4699-877e-36f5a9956010,left a reply for the post about 'biplane'
297,a6568381-2d52-4699-877e-36f5a9956010,liked  Caleb Ramirez's message
298,a6568381-2d52-4699-877e-36f5a9956010, voted No
299,a6568381-2d52-4699-877e-36f5a9956010,left a comment for the post with 'biplane'
300,a6568381-2d52-4699-877e-36f5a9956010,attended Deaply Seals'15
301,a6568381-2d52-4699-877e-36f5a9956010,rated page with 0 stars
302,a6568381-2d52-4699-877e-36f5a9956010,liked post by Caleb Ramirez
303,4a98f580-3e45-4f60-9128-8195f08bd995,wrote a post mentioning Estelle Jimenez 
304,4a98f580-3e45-4f60-9128-8195f08bd995,work at Abbott Laboratories
305,4a98f580-3e45-4f60-9128-8195f08bd995,rated a page at least one time 
306,4a98f580-3e45-4f60-9128-8195f08bd995,viewed a page 5 times
307,4a98f580-3e45-4f60-9128-8195f08bd995,wrote a post that got 7 replies
308,4a98f580-3e45-4f60-9128-8195f08bd995,replied to a post with negative sentiment
309,4a98f580-3e45-4f60-9128-8195f08bd995,wrote a post with 7 comments
310,4a98f580-3e45-4f60-9128-8195f08bd995,commented negatively
311,4a98f580-3e45-4f60-9128-8195f08bd995,bad things to say in a comment 
312,4a98f580-3e45-4f60-9128-8195f08bd995,wrote post that got 7 comments 
313,4a98f580-3e45-4f60-9128-8195f08bd995,rgarcia@optonline.net
314,4a98f580-3e45-4f60-9128-8195f08bd995,deviantart.com as their website
315,4a98f580-3e45-4f60-9128-8195f08bd995,rated with 2 stars 
316,4a98f580-3e45-4f60-9128-8195f08bd995,rgarcia@optonline.net email
317,4a98f580-3e45-4f60-9128-8195f08bd995,clicked on the activision sponsored post
318,4a98f580-3e45-4f60-9128-8195f08bd995,converted on the activision sponsored post
319,4a98f580-3e45-4f60-9128-8195f08bd995,biologist
320,4a98f580-3e45-4f60-9128-8195f08bd995,deviantart.com as their website
321,4a98f580-3e45-4f60-9128-8195f08bd995,a post that was liked 7 times
322,4a98f580-3e45-4f60-9128-8195f08bd995,wrote posts that contain the keyword honey
323,4a98f580-3e45-4f60-9128-8195f08bd995,wrote about honey
324,4a98f580-3e45-4f60-9128-8195f08bd995,posted about honey
325,4a98f580-3e45-4f60-9128-8195f08bd995,works at abbott laboratories 
326,4a98f580-3e45-4f60-9128-8195f08bd995,downloaded a file 3 times
327,4a98f580-3e45-4f60-9128-8195f08bd995,downloaded something 3 times
328,4a98f580-3e45-4f60-9128-8195f08bd995,wrote a positive post
329,4a98f580-3e45-4f60-9128-8195f08bd995,wrote something positive
330,4a98f580-3e45-4f60-9128-8195f08bd995,clicked a sponsored post 7 times
331,4a98f580-3e45-4f60-9128-8195f08bd995,liked a post with the keyword big
332,4a98f580-3e45-4f60-9128-8195f08bd995,saw any page 5 times
333,4a98f580-3e45-4f60-9128-8195f08bd995,wrote something about honey
334,4a98f580-3e45-4f60-9128-8195f08bd995,posted about honey
335,4a98f580-3e45-4f60-9128-8195f08bd995,viewed a page with big in the content
336,4a98f580-3e45-4f60-9128-8195f08bd995,viewed a page with big
337,4a98f580-3e45-4f60-9128-8195f08bd995,wrote post that got 7 comments
338,4a98f580-3e45-4f60-9128-8195f08bd995,the phone number (747) 180-7744
339,4a98f580-3e45-4f60-9128-8195f08bd995,phone number is (747) 180-7744
340,4a98f580-3e45-4f60-9128-8195f08bd995,commented one of estelle jimenez's posts
341,4a98f580-3e45-4f60-9128-8195f08bd995,commented estelle jimenez's post
342,4a98f580-3e45-4f60-9128-8195f08bd995,replying to estelle jimeneze's post 
343,4a98f580-3e45-4f60-9128-8195f08bd995,viewed a page 5 times
344,4a98f580-3e45-4f60-9128-8195f08bd995,named vida
345,4a98f580-3e45-4f60-9128-8195f08bd995,name is vida
346,4a98f580-3e45-4f60-9128-8195f08bd995,named vida
347,4a98f580-3e45-4f60-9128-8195f08bd995,vida
348,0ea9794f-5d2f-4772-b481-49d9c691cba2,used the app 0 times
349,0ea9794f-5d2f-4772-b481-49d9c691cba2,downloaded 7 files
350,0ea9794f-5d2f-4772-b481-49d9c691cba2,Rodriguez as the last name
351,0ea9794f-5d2f-4772-b481-49d9c691cba2,Rodriguez for the last name
352,0ea9794f-5d2f-4772-b481-49d9c691cba2,n't use the app
353,0ea9794f-5d2f-4772-b481-49d9c691cba2,made 7 file downloads
354,0ea9794f-5d2f-4772-b481-49d9c691cba2,downloaded  7 files from the app
355,0ea9794f-5d2f-4772-b481-49d9c691cba2,surname is Rodriguez
356,0ea9794f-5d2f-4772-b481-49d9c691cba2,opened the app 0 times
357,0ea9794f-5d2f-4772-b481-49d9c691cba2,opened the app 0 times
358,0ea9794f-5d2f-4772-b481-49d9c691cba2,Rodriguez for the last name
359,0ea9794f-5d2f-4772-b481-49d9c691cba2,made 7 file downloads
360,0ea9794f-5d2f-4772-b481-49d9c691cba2,last name equals Rodriguez
361,0ea9794f-5d2f-4772-b481-49d9c691cba2,made 7 file downloads
362,0ea9794f-5d2f-4772-b481-49d9c691cba2,used the app 0 times
363,0ea9794f-5d2f-4772-b481-49d9c691cba2,answered 'No' to a poll
364,0ea9794f-5d2f-4772-b481-49d9c691cba2,created a post with negative sentiment
365,0ea9794f-5d2f-4772-b481-49d9c691cba2,liked a post with positive sentiment
366,0ea9794f-5d2f-4772-b481-49d9c691cba2,created a post with negative sentiment
367,0ea9794f-5d2f-4772-b481-49d9c691cba2,answered 'No' to a poll
368,0ea9794f-5d2f-4772-b481-49d9c691cba2,liked a post with positive sentiment
369,0ea9794f-5d2f-4772-b481-49d9c691cba2,liked a post with positive sentiment
370,0ea9794f-5d2f-4772-b481-49d9c691cba2,answered 'No' to a poll
371,0ea9794f-5d2f-4772-b481-49d9c691cba2,created a post with negative sentiment
372,0ea9794f-5d2f-4772-b481-49d9c691cba2,post has negative sentiment
373,0ea9794f-5d2f-4772-b481-49d9c691cba2,liked someone else's post with positive sentiment
374,0ea9794f-5d2f-4772-b481-49d9c691cba2,responded 'No' to a poll
375,0ea9794f-5d2f-4772-b481-49d9c691cba2,attendees posted at least one post with negative sentiment
376,0ea9794f-5d2f-4772-b481-49d9c691cba2,liked a post with positive sentiment
377,0ea9794f-5d2f-4772-b481-49d9c691cba2,responded 'No' to a poll
378,0ea9794f-5d2f-4772-b481-49d9c691cba2,participated in a poll with the question 'Do you sleep with your sheets tucked in?'
379,0ea9794f-5d2f-4772-b481-49d9c691cba2,rated a page 7 times
380,0ea9794f-5d2f-4772-b481-49d9c691cba2,clicked on an ad 1 time
381,0ea9794f-5d2f-4772-b481-49d9c691cba2,rated a page 7 times
382,0ea9794f-5d2f-4772-b481-49d9c691cba2,participated in a poll with the question 'Do you sleep with your sheets tucked in?'
383,0ea9794f-5d2f-4772-b481-49d9c691cba2,clicked on an ad 1 time
384,0ea9794f-5d2f-4772-b481-49d9c691cba2,clicked on an ad 1 time
385,0ea9794f-5d2f-4772-b481-49d9c691cba2,rated a page 7 times
386,0ea9794f-5d2f-4772-b481-49d9c691cba2,participated in a poll with the question 'Do you sleep with your sheets tucked in?'
387,0ea9794f-5d2f-4772-b481-49d9c691cba2,gave a rating to a page 7 times
388,0ea9794f-5d2f-4772-b481-49d9c691cba2,interacted with an ad 1 time
389,0ea9794f-5d2f-4772-b481-49d9c691cba2,voted on a poll with the question 'Do you sleep with your sheets tucked in?'
390,0ea9794f-5d2f-4772-b481-49d9c691cba2,answered 'Do you sleep with your sheets tucked in?' in a poll
391,0ea9794f-5d2f-4772-b481-49d9c691cba2,rated 7 pages
392,0ea9794f-5d2f-4772-b481-49d9c691cba2,clicked an ad 1 time
393,0ea9794f-5d2f-4772-b481-49d9c691cba2,Administrative Generalist/Specialist in the position field
394,0ea9794f-5d2f-4772-b481-49d9c691cba2,phone number equals (290) 448-8241
395,0ea9794f-5d2f-4772-b481-49d9c691cba2,liked a post that contains 'pragmatic'
396,0ea9794f-5d2f-4772-b481-49d9c691cba2,the phone number (290) 448-8241
397,0ea9794f-5d2f-4772-b481-49d9c691cba2,liked a post with the word 'pragmatic'
398,0ea9794f-5d2f-4772-b481-49d9c691cba2,Administrative Generalist/Specialist position
399,0ea9794f-5d2f-4772-b481-49d9c691cba2,liked a post containing 'pragmatic'
400,0ea9794f-5d2f-4772-b481-49d9c691cba2,holds the position of Administrative Generalist/Specialist
401,0ea9794f-5d2f-4772-b481-49d9c691cba2,phone number is (290) 448-8241
402,0ea9794f-5d2f-4772-b481-49d9c691cba2,profile details contain the phone number (290) 448-8241
403,0ea9794f-5d2f-4772-b481-49d9c691cba2,left at least one like on a post with the word 'pragmatic'
404,0ea9794f-5d2f-4772-b481-49d9c691cba2,Administrative Generalist/Specialist position
405,0ea9794f-5d2f-4772-b481-49d9c691cba2,Administrative Generalist/Specialists
406,0ea9794f-5d2f-4772-b481-49d9c691cba2,the phone number (290) 448-8241
407,0ea9794f-5d2f-4772-b481-49d9c691cba2,liked a post containing the word 'pragmatic'
408,0ea9794f-5d2f-4772-b481-49d9c691cba2,profile details contain Administrative Generalist/Specialist position for the position
409,0ea9794f-5d2f-4772-b481-49d9c691cba2,(290) 448-8241 for the phone number
410,0ea9794f-5d2f-4772-b481-49d9c691cba2,liked a post that contains 'pragmatic'
411,0ea9794f-5d2f-4772-b481-49d9c691cba2,first name is Nancie
412,0ea9794f-5d2f-4772-b481-49d9c691cba2,participated in 7 polls
413,0ea9794f-5d2f-4772-b481-49d9c691cba2,saved a note for a page that contains 'concussion'
414,0ea9794f-5d2f-4772-b481-49d9c691cba2,Nancie as the first name
415,0ea9794f-5d2f-4772-b481-49d9c691cba2,participated in a poll 7 times
416,0ea9794f-5d2f-4772-b481-49d9c691cba2,left a note on a page that contains 'concussion'
417,0ea9794f-5d2f-4772-b481-49d9c691cba2,saved a note on page containing the word 'concussion'
418,0ea9794f-5d2f-4772-b481-49d9c691cba2,voted on 7 polls
419,0ea9794f-5d2f-4772-b481-49d9c691cba2,Nancie as first name
420,0ea9794f-5d2f-4772-b481-49d9c691cba2,left a vote on 7 polls
421,0ea9794f-5d2f-4772-b481-49d9c691cba2,first name equals Nancie
422,0ea9794f-5d2f-4772-b481-49d9c691cba2,added a note to page with the word 'concussion'
423,0ea9794f-5d2f-4772-b481-49d9c691cba2,created a note to page containing 'concussion'
424,0ea9794f-5d2f-4772-b481-49d9c691cba2,took part in 7 polls
425,0ea9794f-5d2f-4772-b481-49d9c691cba2,first name is Nancie
426,0ea9794f-5d2f-4772-b481-49d9c691cba2,replied to a post by Kristin Hansen
427,0ea9794f-5d2f-4772-b481-49d9c691cba2,clicked on an ad 1 time
428,0ea9794f-5d2f-4772-b481-49d9c691cba2,Samoa as location
429,0ea9794f-5d2f-4772-b481-49d9c691cba2,Samoa as location
430,0ea9794f-5d2f-4772-b481-49d9c691cba2,replied to a post by Kristin Hansen
431,0ea9794f-5d2f-4772-b481-49d9c691cba2,clicked on an ad 1 time
432,0ea9794f-5d2f-4772-b481-49d9c691cba2,clicked on an ad 1 time
433,0ea9794f-5d2f-4772-b481-49d9c691cba2,Samoa as location
434,0ea9794f-5d2f-4772-b481-49d9c691cba2,replied to a post by Kristin Hansen
435,0ea9794f-5d2f-4772-b481-49d9c691cba2,left a comment on a post by Kristin Hansen
436,0ea9794f-5d2f-4772-b481-49d9c691cba2,clicked on 1 add
437,0ea9794f-5d2f-4772-b481-49d9c691cba2,Samoa in profile details 
438,0ea9794f-5d2f-4772-b481-49d9c691cba2,Samoa in profile details
439,0ea9794f-5d2f-4772-b481-49d9c691cba2,left a comment on a post by Kristin Hansen
440,0ea9794f-5d2f-4772-b481-49d9c691cba2,clicked on 1 add
441,0ea9794f-5d2f-4772-b481-49d9c691cba2,clicked on 1 add
442,0ea9794f-5d2f-4772-b481-49d9c691cba2,Samoa in profile details
443,0ea9794f-5d2f-4772-b481-49d9c691cba2,left a comment on a post by Kristin Hansen
444,0ea9794f-5d2f-4772-b481-49d9c691cba2,attendees from Samoa
445,0ea9794f-5d2f-4772-b481-49d9c691cba2,commented on  Kristin Hansen's post
446,0ea9794f-5d2f-4772-b481-49d9c691cba2,clicked on an ad 1 time
447,0ea9794f-5d2f-4772-b481-49d9c691cba2,clicked on an ad 1 time
448,0ea9794f-5d2f-4772-b481-49d9c691cba2,commented on Kristin Hansen's post
449,0ea9794f-5d2f-4772-b481-49d9c691cba2,from Samoa
450,0ea9794f-5d2f-4772-b481-49d9c691cba2,commented on Kristin Hansen's post
451,0ea9794f-5d2f-4772-b481-49d9c691cba2,clicked on an ad 1 time
452,0ea9794f-5d2f-4772-b481-49d9c691cba2,from Samoa
453,0ea9794f-5d2f-4772-b481-49d9c691cba2,viewed a page with 'speaker' type
454,0ea9794f-5d2f-4772-b481-49d9c691cba2,wrote a post with negative sentiment
455,0ea9794f-5d2f-4772-b481-49d9c691cba2,answered 'No' to a poll
456,0ea9794f-5d2f-4772-b481-49d9c691cba2,answered 'No' to a poll
457,0ea9794f-5d2f-4772-b481-49d9c691cba2,viewed a page with 'speaker' type
458,0ea9794f-5d2f-4772-b481-49d9c691cba2,wrote a post with negative sentiment
459,0ea9794f-5d2f-4772-b481-49d9c691cba2,wrote a post with negative sentiment
460,0ea9794f-5d2f-4772-b481-49d9c691cba2,answered 'No' to a poll
461,0ea9794f-5d2f-4772-b481-49d9c691cba2,viewed a page with 'speaker' type
462,0ea9794f-5d2f-4772-b481-49d9c691cba2,visited a page with type 'speaker'
463,0ea9794f-5d2f-4772-b481-49d9c691cba2,added a post with negative sentiment
464,0ea9794f-5d2f-4772-b481-49d9c691cba2,voted with 'No' in a poll
465,0ea9794f-5d2f-4772-b481-49d9c691cba2,answer to a poll equals 'No'
466,0ea9794f-5d2f-4772-b481-49d9c691cba2,visited a page with type 'speaker'
467,0ea9794f-5d2f-4772-b481-49d9c691cba2,added a post with negative sentiment
468,0ea9794f-5d2f-4772-b481-49d9c691cba2,created a post with negative sentiment
469,0ea9794f-5d2f-4772-b481-49d9c691cba2,answer to a poll equals 'No'
470,0ea9794f-5d2f-4772-b481-49d9c691cba2,visited a page with type 'speaker'
471,0ea9794f-5d2f-4772-b481-49d9c691cba2,phone number is (290) 448-8241
472,0ea9794f-5d2f-4772-b481-49d9c691cba2,viewed 4 pages
473,0ea9794f-5d2f-4772-b481-49d9c691cba2,attended 0 events
474,0ea9794f-5d2f-4772-b481-49d9c691cba2,attended 0 events
475,0ea9794f-5d2f-4772-b481-49d9c691cba2,phone number is (290) 448-8241
476,0ea9794f-5d2f-4772-b481-49d9c691cba2,viewed 4 pages
477,0ea9794f-5d2f-4772-b481-49d9c691cba2,viewed 4 pages
478,0ea9794f-5d2f-4772-b481-49d9c691cba2,attended 0 events
479,0ea9794f-5d2f-4772-b481-49d9c691cba2,phone number is (290) 448-8241
480,0ea9794f-5d2f-4772-b481-49d9c691cba2,profile phone contains (290) 448-8241
481,0ea9794f-5d2f-4772-b481-49d9c691cba2,visited 4 pages
482,0ea9794f-5d2f-4772-b481-49d9c691cba2,went to 0 events
483,0ea9794f-5d2f-4772-b481-49d9c691cba2,went to 0 events
484,0ea9794f-5d2f-4772-b481-49d9c691cba2,visited 4 pages
485,0ea9794f-5d2f-4772-b481-49d9c691cba2,profile phone contains (290) 448-8241
486,0ea9794f-5d2f-4772-b481-49d9c691cba2,viewed a page with 'biplane'
487,0ea9794f-5d2f-4772-b481-49d9c691cba2,left 3 notes
488,0ea9794f-5d2f-4772-b481-49d9c691cba2,downloaded 7 files
489,0ea9794f-5d2f-4772-b481-49d9c691cba2,downloaded 7 files
490,0ea9794f-5d2f-4772-b481-49d9c691cba2,viewed a page with 'biplane'
491,0ea9794f-5d2f-4772-b481-49d9c691cba2,left 3 notes
492,0ea9794f-5d2f-4772-b481-49d9c691cba2,left 3 notes
493,0ea9794f-5d2f-4772-b481-49d9c691cba2,downloaded 7 files
494,0ea9794f-5d2f-4772-b481-49d9c691cba2,viewed a page with 'biplane'
495,0ea9794f-5d2f-4772-b481-49d9c691cba2,visited a page that contains 'biplane'
496,0ea9794f-5d2f-4772-b481-49d9c691cba2,created 3 notes
497,0ea9794f-5d2f-4772-b481-49d9c691cba2,made 7 file downloads
498,0ea9794f-5d2f-4772-b481-49d9c691cba2,made 7 file downloads
499,0ea9794f-5d2f-4772-b481-49d9c691cba2,visited a page that contains 'biplane'
500,0ea9794f-5d2f-4772-b481-49d9c691cba2,created 3 notes
501,0ea9794f-5d2f-4772-b481-49d9c691cba2,created 3 notes
502,0ea9794f-5d2f-4772-b481-49d9c691cba2,made 7 file downloads
503,0ea9794f-5d2f-4772-b481-49d9c691cba2,visited a page that contains 'biplane'
504,0ea9794f-5d2f-4772-b481-49d9c691cba2,downloaded a file with name 'presentation.pptx'
505,0ea9794f-5d2f-4772-b481-49d9c691cba2,liked a post with positive sentiment
506,0ea9794f-5d2f-4772-b481-49d9c691cba2,connected facebook
507,0ea9794f-5d2f-4772-b481-49d9c691cba2,connected facebook
508,0ea9794f-5d2f-4772-b481-49d9c691cba2,downloaded a file with name 'presentation.pptx'
509,0ea9794f-5d2f-4772-b481-49d9c691cba2,liked a post with positive sentiment
510,0ea9794f-5d2f-4772-b481-49d9c691cba2,liked a post with positive sentiment
511,0ea9794f-5d2f-4772-b481-49d9c691cba2,connected facebook
512,0ea9794f-5d2f-4772-b481-49d9c691cba2,downloaded a file with name 'presentation.pptx'
513,0ea9794f-5d2f-4772-b481-49d9c691cba2,made a download of a file which contains 'presentation.pptx' in the name
514,0ea9794f-5d2f-4772-b481-49d9c691cba2,liked a post with positive sentiment
515,0ea9794f-5d2f-4772-b481-49d9c691cba2,linked facebook to their profile
516,0ea9794f-5d2f-4772-b481-49d9c691cba2,linked facebook to their profile
517,0ea9794f-5d2f-4772-b481-49d9c691cba2,made a download of a file which contains 'presentation.pptx' in the name
518,0ea9794f-5d2f-4772-b481-49d9c691cba2,liked a post with positive sentiment
519,0ea9794f-5d2f-4772-b481-49d9c691cba2,liked a post with positive sentiment
520,0ea9794f-5d2f-4772-b481-49d9c691cba2,linked facebook to their profile
521,0ea9794f-5d2f-4772-b481-49d9c691cba2,made a download of a file which contains 'presentation.pptx' in the name
522,2dfad3f1-b93f-46aa-a2fa-20f390407243,clicked on ad by 'AC Lens'
523,2dfad3f1-b93f-46aa-a2fa-20f390407243,answered 'Yes' in quick poll
524,2dfad3f1-b93f-46aa-a2fa-20f390407243,wrote post mentioning Dorothy Larson
525,2dfad3f1-b93f-46aa-a2fa-20f390407243,choose 'Yes' answer in poll
526,2dfad3f1-b93f-46aa-a2fa-20f390407243,mentioned Dorothy Larson in post
527,2dfad3f1-b93f-46aa-a2fa-20f390407243,clicked on 'AC Lens' ad
528,2dfad3f1-b93f-46aa-a2fa-20f390407243,posts about Dorothy Larson
529,2dfad3f1-b93f-46aa-a2fa-20f390407243,'Yes' answers in poll
530,2dfad3f1-b93f-46aa-a2fa-20f390407243,clicks on ads published by 'AC Lens'
531,2dfad3f1-b93f-46aa-a2fa-20f390407243,participated in quick poll answering 'Yes'
532,2dfad3f1-b93f-46aa-a2fa-20f390407243,clicked on ad by 'AC Lens'
533,2dfad3f1-b93f-46aa-a2fa-20f390407243,wrote post with Dorothy Larson's mention
534,2dfad3f1-b93f-46aa-a2fa-20f390407243,clicked on 'AC Lens' ad
535,2dfad3f1-b93f-46aa-a2fa-20f390407243,voted 'Yes' in poll
536,2dfad3f1-b93f-46aa-a2fa-20f390407243,posted about Dorothy Larson
537,2dfad3f1-b93f-46aa-a2fa-20f390407243,choose 'Yes' in poll
538,2dfad3f1-b93f-46aa-a2fa-20f390407243,wrote post with mention of Dorothy Larson
539,2dfad3f1-b93f-46aa-a2fa-20f390407243,clicked on ad created by 'AC Lens'
540,2dfad3f1-b93f-46aa-a2fa-20f390407243,viewed session pages
541,2dfad3f1-b93f-46aa-a2fa-20f390407243,answered 'Yes' in poll
542,2dfad3f1-b93f-46aa-a2fa-20f390407243,downloaded file 9 times
543,2dfad3f1-b93f-46aa-a2fa-20f390407243,downloaded a file 9 times
544,2dfad3f1-b93f-46aa-a2fa-20f390407243,choose 'Yes' option in quick poll
545,2dfad3f1-b93f-46aa-a2fa-20f390407243,viewed page with 'session' type
546,2dfad3f1-b93f-46aa-a2fa-20f390407243,choose 'Yes' answer in poll
547,2dfad3f1-b93f-46aa-a2fa-20f390407243,clicked on file 9 times
548,2dfad3f1-b93f-46aa-a2fa-20f390407243,checked session page
549,2dfad3f1-b93f-46aa-a2fa-20f390407243,session page views
550,2dfad3f1-b93f-46aa-a2fa-20f390407243,'Yes' quick poll answers
551,2dfad3f1-b93f-46aa-a2fa-20f390407243,9 file downloads
552,2dfad3f1-b93f-46aa-a2fa-20f390407243,downloaded file 9 times
553,2dfad3f1-b93f-46aa-a2fa-20f390407243,participated in poll answering 'Yes'
554,2dfad3f1-b93f-46aa-a2fa-20f390407243,viewe sesssion page
555,2dfad3f1-b93f-46aa-a2fa-20f390407243,9 file downloads
556,2dfad3f1-b93f-46aa-a2fa-20f390407243,'Yes' answer in quick poll
557,2dfad3f1-b93f-46aa-a2fa-20f390407243,session view
558,2dfad3f1-b93f-46aa-a2fa-20f390407243,left a note on page with 'speaker' type
559,2dfad3f1-b93f-46aa-a2fa-20f390407243,work at Abercrombie & Fitch
560,2dfad3f1-b93f-46aa-a2fa-20f390407243,rated page with 'exhibitor' type
561,2dfad3f1-b93f-46aa-a2fa-20f390407243,rated exhibitor's page
562,2dfad3f1-b93f-46aa-a2fa-20f390407243,left a note on speaker's page
563,2dfad3f1-b93f-46aa-a2fa-20f390407243,work at Abercrombie & Fitch
564,2dfad3f1-b93f-46aa-a2fa-20f390407243,works ar Abercrombie & Fitch
565,2dfad3f1-b93f-46aa-a2fa-20f390407243,exhibitor's page rating
566,2dfad3f1-b93f-46aa-a2fa-20f390407243,note on speaker's page
567,2dfad3f1-b93f-46aa-a2fa-20f390407243,note about speaker
568,2dfad3f1-b93f-46aa-a2fa-20f390407243,exhibitor rating
569,2dfad3f1-b93f-46aa-a2fa-20f390407243,works at Abercrombie & Fitch
570,2dfad3f1-b93f-46aa-a2fa-20f390407243,from Abercrombie & Fitch
571,2dfad3f1-b93f-46aa-a2fa-20f390407243,rated an exhibitor
572,2dfad3f1-b93f-46aa-a2fa-20f390407243,left a note about speaker
573,2dfad3f1-b93f-46aa-a2fa-20f390407243,rated an exhibitor
574,2dfad3f1-b93f-46aa-a2fa-20f390407243,works at Abercrombie & Fitch
575,2dfad3f1-b93f-46aa-a2fa-20f390407243,left a note on speaker's page
576,2dfad3f1-b93f-46aa-a2fa-20f390407243,connected google+
577,2dfad3f1-b93f-46aa-a2fa-20f390407243,written positive posts
578,2dfad3f1-b93f-46aa-a2fa-20f390407243,n't enjoyed the event
579,2dfad3f1-b93f-46aa-a2fa-20f390407243,negative sentiment towards event
580,2dfad3f1-b93f-46aa-a2fa-20f390407243,positive post
581,2dfad3f1-b93f-46aa-a2fa-20f390407243,connected google+
582,2dfad3f1-b93f-46aa-a2fa-20f390407243,connected google+ account
583,2dfad3f1-b93f-46aa-a2fa-20f390407243,post with positive sentiment
584,2dfad3f1-b93f-46aa-a2fa-20f390407243,n't enjoy the event
585,2dfad3f1-b93f-46aa-a2fa-20f390407243,n't enjoy event
586,2dfad3f1-b93f-46aa-a2fa-20f390407243,written positive sentiment
587,2dfad3f1-b93f-46aa-a2fa-20f390407243,connected google+
588,2dfad3f1-b93f-46aa-a2fa-20f390407243,n't like the event
589,2dfad3f1-b93f-46aa-a2fa-20f390407243,connected google+ account
590,2dfad3f1-b93f-46aa-a2fa-20f390407243,composed a positive post
591,2dfad3f1-b93f-46aa-a2fa-20f390407243,linked google+ account
592,2dfad3f1-b93f-46aa-a2fa-20f390407243,written post with positive sentiment
593,2dfad3f1-b93f-46aa-a2fa-20f390407243,n't really like the event
594,2dfad3f1-b93f-46aa-a2fa-20f390407243,from Vatican city
595,2dfad3f1-b93f-46aa-a2fa-20f390407243,replied to posts about 'concussion'
596,2dfad3f1-b93f-46aa-a2fa-20f390407243,n't enjoy the event
597,2dfad3f1-b93f-46aa-a2fa-20f390407243,replied to post with 'concussion'
598,2dfad3f1-b93f-46aa-a2fa-20f390407243,not enjoyed the event
599,2dfad3f1-b93f-46aa-a2fa-20f390407243,Vatican City set as location
600,2dfad3f1-b93f-46aa-a2fa-20f390407243,from Vatican City
760,2dfad3f1-b93f-46aa-a2fa-20f390407243,n't like the event
601,2dfad3f1-b93f-46aa-a2fa-20f390407243,replied to post with 'concussion' in its text
602,2dfad3f1-b93f-46aa-a2fa-20f390407243,replied to posts about 'concussion'
603,2dfad3f1-b93f-46aa-a2fa-20f390407243,negative sentiment towards event
604,2dfad3f1-b93f-46aa-a2fa-20f390407243,Vatican City location
605,2dfad3f1-b93f-46aa-a2fa-20f390407243,live in Vatican City
606,2dfad3f1-b93f-46aa-a2fa-20f390407243,replied to post with 'concussion'
607,2dfad3f1-b93f-46aa-a2fa-20f390407243,n't like the event
608,2dfad3f1-b93f-46aa-a2fa-20f390407243,not enjoyed the event
609,2dfad3f1-b93f-46aa-a2fa-20f390407243,replied to post with 'concussion'
610,2dfad3f1-b93f-46aa-a2fa-20f390407243,reside in Vatican City
611,2dfad3f1-b93f-46aa-a2fa-20f390407243,working at Abercrombie & Fitch
612,2dfad3f1-b93f-46aa-a2fa-20f390407243,liked post 5 times
613,2dfad3f1-b93f-46aa-a2fa-20f390407243,clicked on ad with 'escapist'
614,2dfad3f1-b93f-46aa-a2fa-20f390407243,clicks on ads containing 'escapist'
615,2dfad3f1-b93f-46aa-a2fa-20f390407243,5 post likes
616,2dfad3f1-b93f-46aa-a2fa-20f390407243,Abercrombie & Fitch set as company
617,2dfad3f1-b93f-46aa-a2fa-20f390407243,working at Abercrombie & Fitch
618,2dfad3f1-b93f-46aa-a2fa-20f390407243,clicked on 'escapist' ad
619,2dfad3f1-b93f-46aa-a2fa-20f390407243,liked post 5 times
620,2dfad3f1-b93f-46aa-a2fa-20f390407243,liked post 5 times
621,2dfad3f1-b93f-46aa-a2fa-20f390407243,5 likes of posts
622,2dfad3f1-b93f-46aa-a2fa-20f390407243,working at Abercrombie & Fitch
623,2dfad3f1-b93f-46aa-a2fa-20f390407243,5 post likes
624,2dfad3f1-b93f-46aa-a2fa-20f390407243,clicks on ad which mentioned 'escapist'
625,2dfad3f1-b93f-46aa-a2fa-20f390407243,working at Abercrombie & Fitch
626,2dfad3f1-b93f-46aa-a2fa-20f390407243,working at Abercrombie & Fitch
627,2dfad3f1-b93f-46aa-a2fa-20f390407243,5 posts likes
628,2dfad3f1-b93f-46aa-a2fa-20f390407243,clicked on ad containing 'escapist'
629,2dfad3f1-b93f-46aa-a2fa-20f390407243,liked post by Clay Arnold
630,2dfad3f1-b93f-46aa-a2fa-20f390407243,viewed page with 'beyond'
631,2dfad3f1-b93f-46aa-a2fa-20f390407243,wrote post with 5 replies
632,2dfad3f1-b93f-46aa-a2fa-20f390407243,viewed page mentioning 'beyond'
633,2dfad3f1-b93f-46aa-a2fa-20f390407243,posts with 5 replies
634,2dfad3f1-b93f-46aa-a2fa-20f390407243,liked Clay Arnold's post
635,2dfad3f1-b93f-46aa-a2fa-20f390407243,post containing 5 replies
636,2dfad3f1-b93f-46aa-a2fa-20f390407243,view of page with 'beyond' in its text
637,2dfad3f1-b93f-46aa-a2fa-20f390407243,like of Clay Arnold's post
638,2dfad3f1-b93f-46aa-a2fa-20f390407243,wrote post with 5 replies
639,2dfad3f1-b93f-46aa-a2fa-20f390407243,liked post by Clay Arnold
640,2dfad3f1-b93f-46aa-a2fa-20f390407243,viewed page which contains 'beyond'
641,2dfad3f1-b93f-46aa-a2fa-20f390407243,liked Clay Arnold's post
642,2dfad3f1-b93f-46aa-a2fa-20f390407243,post with 5 comments
643,2dfad3f1-b93f-46aa-a2fa-20f390407243,view of page which mentioned 'beyond'
644,2dfad3f1-b93f-46aa-a2fa-20f390407243,viewed page with 'beyond'
645,2dfad3f1-b93f-46aa-a2fa-20f390407243,liked post written by Clay Arnold
646,2dfad3f1-b93f-46aa-a2fa-20f390407243,wrote post with 5 comments
647,2dfad3f1-b93f-46aa-a2fa-20f390407243,wrote positive post
648,2dfad3f1-b93f-46aa-a2fa-20f390407243,attended event 4 times
649,2dfad3f1-b93f-46aa-a2fa-20f390407243,work as Affordable Housting Specialist
650,2dfad3f1-b93f-46aa-a2fa-20f390407243,Affordable Housing Specialist position
651,2dfad3f1-b93f-46aa-a2fa-20f390407243,4 event attendances
652,2dfad3f1-b93f-46aa-a2fa-20f390407243,positive post
653,2dfad3f1-b93f-46aa-a2fa-20f390407243,set position to Affordable Housing Specialist
654,2dfad3f1-b93f-46aa-a2fa-20f390407243,wrote post with positive sentiment
655,2dfad3f1-b93f-46aa-a2fa-20f390407243,attended event 4 times
656,2dfad3f1-b93f-46aa-a2fa-20f390407243,positive posts
657,2dfad3f1-b93f-46aa-a2fa-20f390407243,Affordable Housing Specialist position
658,2dfad3f1-b93f-46aa-a2fa-20f390407243,4 event attendances
659,2dfad3f1-b93f-46aa-a2fa-20f390407243,work at Affordable Housing Specialist position
660,2dfad3f1-b93f-46aa-a2fa-20f390407243,wrote positive post
661,2dfad3f1-b93f-46aa-a2fa-20f390407243,attended even 5 times
662,2dfad3f1-b93f-46aa-a2fa-20f390407243,attended event 4 times
663,2dfad3f1-b93f-46aa-a2fa-20f390407243,Affordable Housing Specialist position
664,2dfad3f1-b93f-46aa-a2fa-20f390407243,wrote post with  positive sentiment
665,2dfad3f1-b93f-46aa-a2fa-20f390407243,n't enjoyed the event
666,2dfad3f1-b93f-46aa-a2fa-20f390407243,rated page containing 'coastal'
667,2dfad3f1-b93f-46aa-a2fa-20f390407243,wrote post with 2 likes
668,2dfad3f1-b93f-46aa-a2fa-20f390407243,rating for page about 'coastal'
669,2dfad3f1-b93f-46aa-a2fa-20f390407243,post liked 2 times
670,2dfad3f1-b93f-46aa-a2fa-20f390407243,negative feelings towards the event
671,2dfad3f1-b93f-46aa-a2fa-20f390407243,n't enjoyed the event
672,2dfad3f1-b93f-46aa-a2fa-20f390407243,written post which was liked 2 times
673,2dfad3f1-b93f-46aa-a2fa-20f390407243,rated page mentioning 'coastal'
674,2dfad3f1-b93f-46aa-a2fa-20f390407243,rated page with 'coastal' word
675,2dfad3f1-b93f-46aa-a2fa-20f390407243,n't like the event
676,2dfad3f1-b93f-46aa-a2fa-20f390407243,posted something liked 2 times
677,2dfad3f1-b93f-46aa-a2fa-20f390407243,wrote post with 2 likes
678,2dfad3f1-b93f-46aa-a2fa-20f390407243,n't enjoyed the event
679,2dfad3f1-b93f-46aa-a2fa-20f390407243,rated page containing 'coastal'
680,2dfad3f1-b93f-46aa-a2fa-20f390407243,wrote post which was liked 2 times
681,2dfad3f1-b93f-46aa-a2fa-20f390407243,rated page with 'coastal' word
682,2dfad3f1-b93f-46aa-a2fa-20f390407243,n't enjoyed the event
683,2dfad3f1-b93f-46aa-a2fa-20f390407243,attended 'Happy Hippopotamuss'17' event
684,2dfad3f1-b93f-46aa-a2fa-20f390407243,participated in poll once
685,2dfad3f1-b93f-46aa-a2fa-20f390407243,rated exhibitor's page
686,2dfad3f1-b93f-46aa-a2fa-20f390407243,attended 'Happy Hippopotamuss'17' event
687,2dfad3f1-b93f-46aa-a2fa-20f390407243,left rating on page with 'exhibitor' type
688,2dfad3f1-b93f-46aa-a2fa-20f390407243,voted in poll
689,2dfad3f1-b93f-46aa-a2fa-20f390407243,voted in 1 poll
690,2dfad3f1-b93f-46aa-a2fa-20f390407243,attended 'Happy Hippopotamuss'17'
691,2dfad3f1-b93f-46aa-a2fa-20f390407243,rated page with 'exhibitor' type
692,2dfad3f1-b93f-46aa-a2fa-20f390407243,answerted 1 poll
693,2dfad3f1-b93f-46aa-a2fa-20f390407243,rated exhibitor
694,2dfad3f1-b93f-46aa-a2fa-20f390407243,attended 'Happy Hippopotamuss'17' event
695,2dfad3f1-b93f-46aa-a2fa-20f390407243,rated exhibitor
696,2dfad3f1-b93f-46aa-a2fa-20f390407243,attended 'Happy Hippopotamuss'17'
697,2dfad3f1-b93f-46aa-a2fa-20f390407243,voted in poll once
698,2dfad3f1-b93f-46aa-a2fa-20f390407243,rated exhibitor's page
699,2dfad3f1-b93f-46aa-a2fa-20f390407243,voted in single poll
700,2dfad3f1-b93f-46aa-a2fa-20f390407243,attended 'Happy Hippopotamuss'17'
701,59d09959-5836-494f-9176-7a11a449b2fa,clicked on ad by 'Acsis Inc.'
702,59d09959-5836-494f-9176-7a11a449b2fa,mentioned Steven Owens
703,59d09959-5836-494f-9176-7a11a449b2fa,participated in a polls 4 times
704,59d09959-5836-494f-9176-7a11a449b2fa,mentioned Steven Owens
705,59d09959-5836-494f-9176-7a11a449b2fa,participated in 4 polls
706,59d09959-5836-494f-9176-7a11a449b2fa,converted on the 'Acsis Inc.' ad 
707,59d09959-5836-494f-9176-7a11a449b2fa,wrote a post about Steven Owens
708,59d09959-5836-494f-9176-7a11a449b2fa,clicked on advertisement by 'Acisi Inc.'
709,59d09959-5836-494f-9176-7a11a449b2fa,took 4 polls
710,59d09959-5836-494f-9176-7a11a449b2fa,named Petra
711,59d09959-5836-494f-9176-7a11a449b2fa,viewed page contains 'adsorbable'
712,59d09959-5836-494f-9176-7a11a449b2fa,a post with 8 likes 
713,59d09959-5836-494f-9176-7a11a449b2fa,posted a content with 8 likes
714,59d09959-5836-494f-9176-7a11a449b2fa,visited page contains 'adsorbable'
715,59d09959-5836-494f-9176-7a11a449b2fa,called Petra
716,59d09959-5836-494f-9176-7a11a449b2fa,name is Petra
717,59d09959-5836-494f-9176-7a11a449b2fa,opened page with 'adsorbable'
718,59d09959-5836-494f-9176-7a11a449b2fa,posted a message with 8 likes
719,59d09959-5836-494f-9176-7a11a449b2fa,enjoyed the event
720,59d09959-5836-494f-9176-7a11a449b2fa,wrote 2 posts
721,59d09959-5836-494f-9176-7a11a449b2fa,clicked on ad by 'Acsis Inc.'
722,59d09959-5836-494f-9176-7a11a449b2fa,posted 2 messages
723,59d09959-5836-494f-9176-7a11a449b2fa,clicked on ad by 'Acsis Inc.'
724,59d09959-5836-494f-9176-7a11a449b2fa,enjoyed the event
725,59d09959-5836-494f-9176-7a11a449b2fa,clicked on 2 ads
726,59d09959-5836-494f-9176-7a11a449b2fa,rated with 2 stars speaker's page
727,59d09959-5836-494f-9176-7a11a449b2fa,rated speaker with 2 stars
728,59d09959-5836-494f-9176-7a11a449b2fa,clicked on ads 2 times
729,59d09959-5836-494f-9176-7a11a449b2fa,rated page contains 'pragmatic'
730,59d09959-5836-494f-9176-7a11a449b2fa,viewed page contains 'adsorbable'
731,59d09959-5836-494f-9176-7a11a449b2fa,participated in 4 polls
732,59d09959-5836-494f-9176-7a11a449b2fa,voted 4 times
733,59d09959-5836-494f-9176-7a11a449b2fa,leave a rate on page with 'pragmatic'
734,59d09959-5836-494f-9176-7a11a449b2fa,viewed page with 'adsorbable'
735,59d09959-5836-494f-9176-7a11a449b2fa,participated in 4 polls
736,59d09959-5836-494f-9176-7a11a449b2fa,connected Google +
737,59d09959-5836-494f-9176-7a11a449b2fa,took a not on page with 'coastal'
738,59d09959-5836-494f-9176-7a11a449b2fa,created a not on page contains 'coastal'
739,59d09959-5836-494f-9176-7a11a449b2fa,voted 4 times
740,59d09959-5836-494f-9176-7a11a449b2fa,Google + account
741,59d09959-5836-494f-9176-7a11a449b2fa,post with 9 replies
742,59d09959-5836-494f-9176-7a11a449b2fa,viewed sponsor page
743,59d09959-5836-494f-9176-7a11a449b2fa,rated page with 2 stars
744,59d09959-5836-494f-9176-7a11a449b2fa,content with 9 replies
745,59d09959-5836-494f-9176-7a11a449b2fa,viewed sponsor
746,59d09959-5836-494f-9176-7a11a449b2fa,rated page with more than 2 stars
747,59d09959-5836-494f-9176-7a11a449b2fa,posted a content with 9 comments
748,59d09959-5836-494f-9176-7a11a449b2fa,opened sponsor page
749,59d09959-5836-494f-9176-7a11a449b2fa,rated with 2 stars 
750,3ea9c741-6993-44f9-937c-3a5718a08693,liked a post by Philip Stephens
751,3ea9c741-6993-44f9-937c-3a5718a08693,left a note on a page 3 times
752,3ea9c741-6993-44f9-937c-3a5718a08693,downloaded a file named workshop.doc
753,3ea9c741-6993-44f9-937c-3a5718a08693,left 3 notes
754,3ea9c741-6993-44f9-937c-3a5718a08693,liked a post by Philip
755,3ea9c741-6993-44f9-937c-3a5718a08693,downloaded workshop.doc
756,3ea9c741-6993-44f9-937c-3a5718a08693,clicked on an ad 4 times
757,3ea9c741-6993-44f9-937c-3a5718a08693,bio contains 8
758,3ea9c741-6993-44f9-937c-3a5718a08693,attended 7 events
759,3ea9c741-6993-44f9-937c-3a5718a08693,clicked on 4 ads
